"Timestamp","Tree","Station","VPD","Vapor.Pressure","Atmos.Pressure","Air.TempC","Wetness.Level.1","Wetness.Level.2","Solar"
"2024-05-16 04:45:00","RD","GR",NA,NA,NA,NA,NA,NA,0
"2024-05-16 05:00:00","RD","GR",NA,NA,NA,NA,NA,NA,0
"2024-05-16 05:15:00","RD","GR",NA,NA,NA,NA,NA,NA,0
"2024-05-16 05:30:00","RD","GR",NA,NA,NA,NA,NA,NA,0
"2024-05-16 05:45:00","RD","GR",NA,NA,NA,NA,NA,NA,0
"2024-05-16 06:00:00","RD","GR",NA,NA,NA,NA,NA,NA,0
"2024-05-16 06:15:00","RD","GR",NA,NA,NA,NA,NA,NA,0
"2024-05-16 06:30:00","RD","GR",NA,NA,NA,NA,NA,NA,0
"2024-05-16 06:45:00","RD","GR",NA,NA,NA,NA,NA,NA,0
"2024-05-16 07:00:00","RD","GR",NA,NA,NA,NA,NA,NA,3.7
"2024-05-16 07:15:00","RD","GR",NA,NA,NA,NA,NA,NA,7.9
"2024-05-16 07:30:00","RD","GR",NA,NA,NA,NA,NA,NA,17.9
"2024-05-16 07:45:00","RD","GR",NA,NA,NA,NA,NA,NA,19.6
"2024-05-16 08:00:00","RD","GR",NA,NA,NA,NA,NA,NA,17.4
"2024-05-16 08:15:00","RD","GR",NA,NA,NA,NA,NA,NA,29.1
"2024-05-16 08:30:00","RD","GR",NA,NA,NA,NA,NA,NA,37.4
"2024-05-16 08:45:00","RD","GR",NA,NA,NA,NA,NA,NA,38.6
"2024-05-16 09:00:00","RD","GR",NA,NA,NA,NA,NA,NA,59.7
"2024-05-16 09:15:00","RD","GR",NA,NA,NA,NA,NA,NA,66.1
"2024-05-16 09:30:00","RD","GR",NA,NA,NA,NA,NA,NA,75.4
"2024-05-16 09:45:00","RD","GR",NA,NA,NA,NA,NA,NA,86.6
"2024-05-16 10:00:00","RD","GR",NA,NA,NA,NA,NA,NA,94.1
"2024-05-16 10:15:00","RD","GR",NA,NA,NA,NA,NA,NA,114.8
"2024-05-16 10:30:00","RD","GR",NA,NA,NA,NA,NA,NA,97.4
"2024-05-16 10:45:00","RD","GR",NA,NA,NA,NA,NA,NA,119
"2024-05-16 11:00:00","RD","GR",NA,NA,NA,NA,NA,NA,316.8
"2024-05-16 11:15:00","RD","GR",NA,NA,NA,NA,NA,NA,204.7
"2024-05-16 11:30:00","RD","GR",NA,NA,NA,NA,NA,NA,172.3
"2024-05-16 11:45:00","RD","GR",NA,NA,NA,NA,NA,NA,147.9
"2024-05-16 12:00:00","RD","GR",NA,NA,NA,NA,NA,NA,287.5
"2024-05-16 12:15:00","RD","GR",NA,NA,NA,NA,NA,NA,180.2
"2024-05-16 12:30:00","RD","GR",NA,NA,NA,NA,NA,NA,124.9
"2024-05-16 12:45:00","RD","GR",NA,NA,NA,NA,NA,NA,114.4
"2024-05-16 13:00:00","RD","GR",NA,NA,NA,NA,NA,NA,187
"2024-05-16 13:15:00","RD","GR",NA,NA,NA,NA,NA,NA,126.9
"2024-05-16 13:30:00","RD","GR",NA,NA,NA,NA,NA,NA,163.9
"2024-05-16 13:45:00","RD","GR",NA,NA,NA,NA,NA,NA,172.3
"2024-05-16 14:00:00","RD","GR",NA,NA,NA,NA,NA,NA,177.8
"2024-05-16 14:15:00","RD","GR",NA,NA,NA,NA,NA,NA,247.2
"2024-05-16 14:30:00","RD","GR",NA,NA,NA,NA,NA,NA,173
"2024-05-16 14:45:00","RD","GR",NA,NA,NA,NA,NA,NA,169
"2024-05-16 15:00:00","RD","GR",NA,NA,NA,NA,NA,NA,148.1
"2024-05-16 15:15:00","RD","GR",NA,NA,NA,NA,NA,NA,258.7
"2024-05-16 15:30:00","RD","GR",NA,NA,NA,NA,NA,NA,181.5
"2024-05-16 15:45:00","RD","GR",NA,NA,NA,NA,NA,NA,297.7
"2024-05-16 16:00:00","RD","GR",NA,NA,NA,NA,NA,NA,353.9
"2024-05-16 16:15:00","RD","GR",NA,NA,NA,NA,NA,NA,175.6
"2024-05-16 16:30:00","RD","GR",NA,NA,NA,NA,NA,NA,99.8
"2024-05-16 16:45:00","RD","GR",NA,NA,NA,NA,NA,NA,113.3
"2024-05-16 17:00:00","RD","GR",NA,NA,NA,NA,NA,NA,144.3
"2024-05-16 17:15:00","RD","GR",NA,NA,NA,NA,NA,NA,163.3
"2024-05-16 17:30:00","RD","GR",NA,NA,NA,NA,NA,NA,52.9
"2024-05-16 17:45:00","RD","GR",NA,NA,NA,NA,NA,NA,79.7
"2024-05-16 18:00:00","RD","GR",NA,NA,NA,NA,NA,NA,81.5
"2024-05-16 18:15:00","RD","GR",NA,NA,NA,NA,NA,NA,75.1
"2024-05-16 18:30:00","RD","GR",NA,NA,NA,NA,NA,NA,58.8
"2024-05-16 18:45:00","RD","GR",NA,NA,NA,NA,NA,NA,67.6
"2024-05-16 19:00:00","RD","GR",NA,NA,NA,NA,NA,NA,61.2
"2024-05-16 19:15:00","RD","GR",NA,NA,NA,NA,NA,NA,53.5
"2024-05-16 19:30:00","RD","GR",NA,NA,NA,NA,NA,NA,41.6
"2024-05-16 19:45:00","RD","GR",NA,NA,NA,NA,NA,NA,26.7
"2024-05-16 20:00:00","RD","GR",NA,NA,NA,NA,NA,NA,12.8
"2024-05-16 20:15:00","RD","GR",NA,NA,NA,NA,NA,NA,15.2
"2024-05-16 20:30:00","RD","GR",NA,NA,NA,NA,NA,NA,2.7
"2024-05-16 20:45:00","RD","GR",NA,NA,NA,NA,NA,NA,0
"2024-05-16 21:00:00","RD","GR",NA,NA,NA,NA,NA,NA,0
"2024-05-16 21:15:00","RD","GR",NA,NA,NA,NA,NA,NA,0
"2024-05-16 21:30:00","RD","GR",NA,NA,NA,NA,NA,NA,0
"2024-05-16 21:45:00","RD","GR",NA,NA,NA,NA,NA,NA,0
"2024-05-16 22:00:00","RD","GR",NA,NA,NA,NA,NA,NA,0
"2024-05-16 22:15:00","RD","GR",NA,NA,NA,NA,NA,NA,0
"2024-05-16 22:30:00","RD","GR",NA,NA,NA,NA,NA,NA,0
"2024-05-16 22:45:00","RD","GR",NA,NA,NA,NA,NA,NA,0
"2024-05-16 23:00:00","RD","GR",NA,NA,NA,NA,NA,NA,0
"2024-05-16 23:15:00","RD","GR",NA,NA,NA,NA,NA,NA,0
"2024-05-16 23:30:00","RD","GR",NA,NA,NA,NA,NA,NA,0
"2024-05-16 23:45:00","RD","GR",NA,NA,NA,NA,NA,NA,0
"2024-05-17","RD","GR",NA,NA,NA,NA,NA,NA,0
"2024-05-17 00:15:00","RD","GR",NA,NA,NA,NA,NA,NA,0
"2024-05-17 00:30:00","RD","GR",NA,NA,NA,NA,NA,NA,0
"2024-05-17 00:45:00","RD","GR",NA,NA,NA,NA,NA,NA,0
"2024-05-17 01:00:00","RD","GR",NA,NA,NA,NA,NA,NA,0
"2024-05-17 01:15:00","RD","GR",NA,NA,NA,NA,NA,NA,0
"2024-05-17 01:30:00","RD","GR",NA,NA,NA,NA,NA,NA,0
"2024-05-17 01:45:00","RD","GR",NA,NA,NA,NA,NA,NA,0
"2024-05-17 02:00:00","RD","GR",NA,NA,NA,NA,NA,NA,0
"2024-05-17 02:15:00","RD","GR",NA,NA,NA,NA,NA,NA,0
"2024-05-17 02:30:00","RD","GR",NA,NA,NA,NA,NA,NA,0
"2024-05-17 02:45:00","RD","GR",NA,NA,NA,NA,NA,NA,0
"2024-05-17 03:00:00","RD","GR",NA,NA,NA,NA,NA,NA,0
"2024-05-17 03:15:00","RD","GR",NA,NA,NA,NA,NA,NA,0
"2024-05-17 03:30:00","RD","GR",NA,NA,NA,NA,NA,NA,0
"2024-05-17 03:45:00","RD","GR",NA,NA,NA,NA,NA,NA,0
"2024-05-17 04:00:00","RD","GR",NA,NA,NA,NA,NA,NA,0
"2024-05-17 04:15:00","RD","GR",NA,NA,NA,NA,NA,NA,0
"2024-05-17 04:30:00","RD","GR",NA,NA,NA,NA,NA,NA,0
"2024-05-17 04:45:00","RD","GR",NA,NA,NA,NA,NA,NA,0
"2024-05-17 05:00:00","RD","GR",NA,NA,NA,NA,NA,NA,0
"2024-05-17 05:15:00","RD","GR",NA,NA,NA,NA,NA,NA,0
"2024-05-17 05:30:00","RD","GR",NA,NA,NA,NA,NA,NA,0
"2024-05-17 05:45:00","RD","GR",NA,NA,NA,NA,NA,NA,0
"2024-05-17 06:00:00","RD","GR",NA,NA,NA,NA,NA,NA,0
"2024-05-17 06:15:00","RD","GR",NA,NA,NA,NA,NA,NA,0
"2024-05-17 06:30:00","RD","GR",NA,NA,NA,NA,NA,NA,0
"2024-05-17 06:45:00","RD","GR",NA,NA,NA,NA,NA,NA,0
"2024-05-17 07:00:00","RD","GR",NA,NA,NA,NA,NA,NA,1.6
"2024-05-17 07:15:00","RD","GR",NA,NA,NA,NA,NA,NA,7.1
"2024-05-17 07:30:00","RD","GR",NA,NA,NA,NA,NA,NA,9
"2024-05-17 07:45:00","RD","GR",NA,NA,NA,NA,NA,NA,10.6
"2024-05-17 08:00:00","RD","GR",NA,NA,NA,NA,NA,NA,16.8
"2024-05-17 08:15:00","RD","GR",NA,NA,NA,NA,NA,NA,17.2
"2024-05-17 08:30:00","RD","GR",NA,NA,NA,NA,NA,NA,16.1
"2024-05-17 08:45:00","RD","GR",NA,NA,NA,NA,NA,NA,13.7
"2024-05-17 09:00:00","RD","GR",NA,NA,NA,NA,NA,NA,10.4
"2024-05-17 09:15:00","RD","GR",NA,NA,NA,NA,NA,NA,9.5
"2024-05-17 09:30:00","RD","GR",NA,NA,NA,NA,NA,NA,14.6
"2024-05-17 09:45:00","RD","GR",NA,NA,NA,NA,NA,NA,16.1
"2024-05-17 10:00:00","RD","GR",NA,NA,NA,NA,NA,NA,25.3
"2024-05-17 10:15:00","RD","GR",NA,NA,NA,NA,NA,NA,61.7
"2024-05-17 10:30:00","RD","GR",NA,NA,NA,NA,NA,NA,65.2
"2024-05-17 10:45:00","RD","GR",NA,NA,NA,NA,NA,NA,69.8
"2024-05-17 11:00:00","RD","GR",NA,NA,NA,NA,NA,NA,73.2
"2024-05-17 11:15:00","RD","GR",NA,NA,NA,NA,NA,NA,116.8
"2024-05-17 11:30:00","RD","GR",NA,NA,NA,NA,NA,NA,106
"2024-05-17 11:45:00","RD","GR",NA,NA,NA,NA,NA,NA,102.5
"2024-05-17 12:00:00","RD","GR",NA,NA,NA,NA,NA,NA,78.9
"2024-05-17 12:15:00","RD","GR",NA,NA,NA,NA,NA,NA,102.9
"2024-05-17 12:30:00","RD","GR",NA,NA,NA,NA,NA,NA,111.9
"2024-05-17 12:45:00","RD","GR",NA,NA,NA,NA,NA,NA,98
"2024-05-17 13:00:00","RD","GR",NA,NA,NA,NA,NA,NA,71.6
"2024-05-17 13:15:00","RD","GR",NA,NA,NA,NA,NA,NA,85
"2024-05-17 13:30:00","RD","GR",NA,NA,NA,NA,NA,NA,81.1
"2024-05-17 13:45:00","RD","GR",NA,NA,NA,NA,NA,NA,98.3
"2024-05-17 14:00:00","RD","GR",NA,NA,NA,NA,NA,NA,137.3
"2024-05-17 14:15:00","RD","GR",NA,NA,NA,NA,NA,NA,98.3
"2024-05-17 14:30:00","RD","GR",NA,NA,NA,NA,NA,NA,83.5
"2024-05-17 14:45:00","RD","GR",NA,NA,NA,NA,NA,NA,90.5
"2024-05-17 15:00:00","RD","GR",NA,NA,NA,NA,NA,NA,121
"2024-05-17 15:15:00","RD","GR",NA,NA,NA,NA,NA,NA,86.2
"2024-05-17 15:30:00","RD","GR",NA,NA,NA,NA,NA,NA,92.3
"2024-05-17 15:45:00","RD","GR",NA,NA,NA,NA,NA,NA,77.8
"2024-05-17 16:00:00","RD","GR",NA,NA,NA,NA,NA,NA,74.3
"2024-05-17 16:15:00","RD","GR",NA,NA,NA,NA,NA,NA,95.6
"2024-05-17 16:30:00","RD","GR",NA,NA,NA,NA,NA,NA,74.5
"2024-05-17 16:45:00","RD","GR",NA,NA,NA,NA,NA,NA,27.1
"2024-05-17 17:00:00","RD","GR",NA,NA,NA,NA,NA,NA,26.7
"2024-05-17 17:15:00","RD","GR",NA,NA,NA,NA,NA,NA,38.3
"2024-05-17 17:30:00","RD","GR",NA,NA,NA,NA,NA,NA,40.3
"2024-05-17 17:45:00","RD","GR",NA,NA,NA,NA,NA,NA,40.1
"2024-05-17 18:00:00","RD","GR",NA,NA,NA,NA,NA,NA,35.7
"2024-05-17 18:15:00","RD","GR",NA,NA,NA,NA,NA,NA,14.1
"2024-05-17 18:30:00","RD","GR",NA,NA,NA,NA,NA,NA,11
"2024-05-17 18:45:00","RD","GR",NA,NA,NA,NA,NA,NA,22
"2024-05-17 19:00:00","RD","GR",NA,NA,NA,NA,NA,NA,14.3
"2024-05-17 19:15:00","RD","GR",NA,NA,NA,NA,NA,NA,5.3
"2024-05-17 19:30:00","RD","GR",NA,NA,NA,NA,NA,NA,6
"2024-05-17 19:45:00","RD","GR",NA,NA,NA,NA,NA,NA,1.3
"2024-05-17 20:00:00","RD","GR",NA,NA,NA,NA,NA,NA,1.5
"2024-05-17 20:15:00","RD","GR",NA,NA,NA,NA,NA,NA,0
"2024-05-17 20:30:00","RD","GR",NA,NA,NA,NA,NA,NA,0
"2024-05-17 20:45:00","RD","GR",NA,NA,NA,NA,NA,NA,0
"2024-05-17 21:00:00","RD","GR",NA,NA,NA,NA,NA,NA,0
"2024-05-17 21:15:00","RD","GR",NA,NA,NA,NA,NA,NA,0
"2024-05-17 21:30:00","RD","GR",NA,NA,NA,NA,NA,NA,0
"2024-05-17 21:45:00","RD","GR",NA,NA,NA,NA,NA,NA,0
"2024-05-17 22:00:00","RD","GR",NA,NA,NA,NA,NA,NA,0
"2024-05-17 22:15:00","RD","GR",NA,NA,NA,NA,NA,NA,0
"2024-05-17 22:30:00","RD","GR",NA,NA,NA,NA,NA,NA,0
"2024-05-17 22:45:00","RD","GR",NA,NA,NA,NA,NA,NA,0
"2024-05-17 23:00:00","RD","GR",NA,NA,NA,NA,NA,NA,0
"2024-05-17 23:15:00","RD","GR",NA,NA,NA,NA,NA,NA,0
"2024-05-17 23:30:00","RD","GR",NA,NA,NA,NA,NA,NA,0
"2024-05-17 23:45:00","RD","GR",NA,NA,NA,NA,NA,NA,0
"2024-05-18","RD","GR",NA,NA,NA,NA,NA,NA,0
"2024-05-18 00:15:00","RD","GR",NA,NA,NA,NA,NA,NA,0
"2024-05-18 00:30:00","RD","GR",NA,NA,NA,NA,NA,NA,0
"2024-05-18 00:45:00","RD","GR",NA,NA,NA,NA,NA,NA,0
"2024-05-18 01:00:00","RD","GR",NA,NA,NA,NA,NA,NA,0
"2024-05-18 01:15:00","RD","GR",NA,NA,NA,NA,NA,NA,0
"2024-05-18 01:30:00","RD","GR",NA,NA,NA,NA,NA,NA,0
"2024-05-18 01:45:00","RD","GR",NA,NA,NA,NA,NA,NA,0
"2024-05-18 02:00:00","RD","GR",NA,NA,NA,NA,NA,NA,0
"2024-05-18 02:15:00","RD","GR",NA,NA,NA,NA,NA,NA,0
"2024-05-18 02:30:00","RD","GR",NA,NA,NA,NA,NA,NA,0
"2024-05-18 02:45:00","RD","GR",NA,NA,NA,NA,NA,NA,0
"2024-05-18 03:00:00","RD","GR",NA,NA,NA,NA,NA,NA,0
"2024-05-18 03:15:00","RD","GR",NA,NA,NA,NA,NA,NA,0
"2024-05-18 03:30:00","RD","GR",NA,NA,NA,NA,NA,NA,0
"2024-05-18 03:45:00","RD","GR",NA,NA,NA,NA,NA,NA,0
"2024-05-18 04:00:00","RD","GR",NA,NA,NA,NA,NA,NA,0
"2024-05-18 04:15:00","RD","GR",NA,NA,NA,NA,NA,NA,0
"2024-05-18 04:30:00","RD","GR",NA,NA,NA,NA,NA,NA,0
"2024-05-18 04:45:00","RD","GR",NA,NA,NA,NA,NA,NA,0
"2024-05-18 05:00:00","RD","GR",NA,NA,NA,NA,NA,NA,0
"2024-05-18 05:15:00","RD","GR",NA,NA,NA,NA,NA,NA,0
"2024-05-18 05:30:00","RD","GR",NA,NA,NA,NA,NA,NA,0
"2024-05-18 05:45:00","RD","GR",NA,NA,NA,NA,NA,NA,0
"2024-05-18 06:00:00","RD","GR",NA,NA,NA,NA,NA,NA,0
"2024-05-18 06:15:00","RD","GR",NA,NA,NA,NA,NA,NA,0
"2024-05-18 06:30:00","RD","GR",NA,NA,NA,NA,NA,NA,0
"2024-05-18 06:45:00","RD","GR",NA,NA,NA,NA,NA,NA,0
"2024-05-18 07:00:00","RD","GR",NA,NA,NA,NA,NA,NA,0
"2024-05-18 07:15:00","RD","GR",NA,NA,NA,NA,NA,NA,6
"2024-05-18 07:30:00","RD","GR",NA,NA,NA,NA,NA,NA,4.8
"2024-05-18 07:45:00","RD","GR",NA,NA,NA,NA,NA,NA,7.7
"2024-05-18 08:00:00","RD","GR",NA,NA,NA,NA,NA,NA,11.7
"2024-05-18 08:15:00","RD","GR",NA,NA,NA,NA,NA,NA,18.9
"2024-05-18 08:30:00","RD","GR",NA,NA,NA,NA,NA,NA,21.6
"2024-05-18 08:45:00","RD","GR",NA,NA,NA,NA,NA,NA,26.4
"2024-05-18 09:00:00","RD","GR",NA,NA,NA,NA,NA,NA,54
"2024-05-18 09:15:00","RD","GR",NA,NA,NA,NA,NA,NA,37.2
"2024-05-18 09:30:00","RD","GR",NA,NA,NA,NA,NA,NA,27.1
"2024-05-18 09:45:00","RD","GR",NA,NA,NA,NA,NA,NA,60.6
"2024-05-18 10:00:00","RD","GR",NA,NA,NA,NA,NA,NA,67.6
"2024-05-18 10:15:00","RD","GR",NA,NA,NA,NA,NA,NA,57.7
"2024-05-18 10:30:00","RD","GR",NA,NA,NA,NA,NA,NA,60.4
"2024-05-18 10:45:00","RD","GR",NA,NA,NA,NA,NA,NA,56.8
"2024-05-18 11:00:00","RD","GR",NA,NA,NA,NA,NA,NA,40.5
"2024-05-18 11:15:00","RD","GR",NA,NA,NA,NA,NA,NA,45
"2024-05-18 11:30:00","RD","GR",NA,NA,NA,NA,NA,NA,96.5
"2024-05-18 11:45:00","RD","GR",NA,NA,NA,NA,NA,NA,155.3
"2024-05-18 12:00:00","RD","GR",NA,NA,NA,NA,NA,NA,90.5
"2024-05-18 12:15:00","RD","GR",NA,NA,NA,NA,NA,NA,124.5
"2024-05-18 12:30:00","RD","GR",NA,NA,NA,NA,NA,NA,127.3
"2024-05-18 12:45:00","RD","GR",NA,NA,NA,NA,NA,NA,163.9
"2024-05-18 13:00:00","RD","GR",NA,NA,NA,NA,NA,NA,188
"2024-05-18 13:15:00","RD","GR",NA,NA,NA,NA,NA,NA,206.9
"2024-05-18 13:30:00","RD","GR",NA,NA,NA,NA,NA,NA,203.1
"2024-05-18 13:45:00","RD","GR",NA,NA,NA,NA,NA,NA,168.3
"2024-05-18 14:00:00","RD","GR",NA,NA,NA,NA,NA,NA,137
"2024-05-18 14:15:00","RD","GR",NA,NA,NA,NA,NA,NA,94.7
"2024-05-18 14:30:00","RD","GR",NA,NA,NA,NA,NA,NA,67.4
"2024-05-18 14:45:00","RD","GR",NA,NA,NA,NA,NA,NA,71.2
"2024-05-18 15:00:00","RD","GR",NA,NA,NA,NA,NA,NA,73.1
"2024-05-18 15:15:00","RD","GR",NA,NA,NA,NA,NA,NA,85.1
"2024-05-18 15:30:00","RD","GR",NA,NA,NA,NA,NA,NA,91.9
"2024-05-18 15:45:00","RD","GR",NA,NA,NA,NA,NA,NA,85.9
"2024-05-18 16:00:00","RD","GR",NA,NA,NA,NA,NA,NA,100.3
"2024-05-18 16:15:00","RD","GR",NA,NA,NA,NA,NA,NA,84
"2024-05-18 16:30:00","RD","GR",NA,NA,NA,NA,NA,NA,91.9
"2024-05-18 16:45:00","RD","GR",NA,NA,NA,NA,NA,NA,114.8
"2024-05-18 17:00:00","RD","GR",NA,NA,NA,NA,NA,NA,136.8
"2024-05-18 17:15:00","RD","GR",NA,NA,NA,NA,NA,NA,120.1
"2024-05-18 17:30:00","RD","GR",NA,NA,NA,NA,NA,NA,108.8
"2024-05-18 17:45:00","RD","GR",NA,NA,NA,NA,NA,NA,75.8
"2024-05-18 18:00:00","RD","GR",NA,NA,NA,NA,NA,NA,73.1
"2024-05-18 18:15:00","RD","GR",NA,NA,NA,NA,NA,NA,63.7
"2024-05-18 18:30:00","RD","GR",NA,NA,NA,NA,NA,NA,57.5
"2024-05-18 18:45:00","RD","GR",NA,NA,NA,NA,NA,NA,42.5
"2024-05-18 19:00:00","RD","GR",NA,NA,NA,NA,NA,NA,32
"2024-05-18 19:15:00","RD","GR",NA,NA,NA,NA,NA,NA,23.8
"2024-05-18 19:30:00","RD","GR",NA,NA,NA,NA,NA,NA,17
"2024-05-18 19:45:00","RD","GR",NA,NA,NA,NA,NA,NA,11.5
"2024-05-18 20:00:00","RD","GR",NA,NA,NA,NA,NA,NA,8.6
"2024-05-18 20:15:00","RD","GR",NA,NA,NA,NA,NA,NA,6.4
"2024-05-18 20:30:00","RD","GR",NA,NA,NA,NA,NA,NA,3.7
"2024-05-18 20:45:00","RD","GR",NA,NA,NA,NA,NA,NA,0
"2024-05-18 21:00:00","RD","GR",NA,NA,NA,NA,NA,NA,0
"2024-05-18 21:15:00","RD","GR",NA,NA,NA,NA,NA,NA,0
"2024-05-18 21:30:00","RD","GR",NA,NA,NA,NA,NA,NA,0
"2024-05-18 21:45:00","RD","GR",NA,NA,NA,NA,NA,NA,0
"2024-05-18 22:00:00","RD","GR",NA,NA,NA,NA,NA,NA,0
"2024-05-18 22:15:00","RD","GR",NA,NA,NA,NA,NA,NA,0
"2024-05-18 22:30:00","RD","GR",NA,NA,NA,NA,NA,NA,0
"2024-05-18 22:45:00","RD","GR",NA,NA,NA,NA,NA,NA,0
"2024-05-18 23:00:00","RD","GR",NA,NA,NA,NA,NA,NA,0
"2024-05-18 23:15:00","RD","GR",NA,NA,NA,NA,NA,NA,0
"2024-05-18 23:30:00","RD","GR",NA,NA,NA,NA,NA,NA,0
"2024-05-18 23:45:00","RD","GR",NA,NA,NA,NA,NA,NA,0
"2024-05-19","RD","GR",NA,NA,NA,NA,NA,NA,0
"2024-05-19 00:15:00","RD","GR",NA,NA,NA,NA,NA,NA,0
"2024-05-19 00:30:00","RD","GR",NA,NA,NA,NA,NA,NA,0
"2024-05-19 00:45:00","RD","GR",NA,NA,NA,NA,NA,NA,0
"2024-05-19 01:00:00","RD","GR",NA,NA,NA,NA,NA,NA,0
"2024-05-19 01:15:00","RD","GR",NA,NA,NA,NA,NA,NA,0
"2024-05-19 01:30:00","RD","GR",NA,NA,NA,NA,NA,NA,0
"2024-05-19 01:45:00","RD","GR",NA,NA,NA,NA,NA,NA,0
"2024-05-19 02:00:00","RD","GR",NA,NA,NA,NA,NA,NA,0
"2024-05-19 02:15:00","RD","GR",NA,NA,NA,NA,NA,NA,0
"2024-05-19 02:30:00","RD","GR",NA,NA,NA,NA,NA,NA,0
"2024-05-19 02:45:00","RD","GR",NA,NA,NA,NA,NA,NA,0
"2024-05-19 03:00:00","RD","GR",NA,NA,NA,NA,NA,NA,0
"2024-05-19 03:15:00","RD","GR",NA,NA,NA,NA,NA,NA,0
"2024-05-19 03:30:00","RD","GR",NA,NA,NA,NA,NA,NA,0
"2024-05-19 03:45:00","RD","GR",NA,NA,NA,NA,NA,NA,0
"2024-05-19 04:00:00","RD","GR",NA,NA,NA,NA,NA,NA,0
"2024-05-19 04:15:00","RD","GR",NA,NA,NA,NA,NA,NA,0
"2024-05-19 04:30:00","RD","GR",NA,NA,NA,NA,NA,NA,0
"2024-05-19 04:45:00","RD","GR",NA,NA,NA,NA,NA,NA,0
"2024-05-19 05:00:00","RD","GR",NA,NA,NA,NA,NA,NA,0
"2024-05-19 05:15:00","RD","GR",NA,NA,NA,NA,NA,NA,0
"2024-05-19 05:30:00","RD","GR",NA,NA,NA,NA,NA,NA,0
"2024-05-19 05:45:00","RD","GR",NA,NA,NA,NA,NA,NA,0
"2024-05-19 06:00:00","RD","GR",NA,NA,NA,NA,NA,NA,0
"2024-05-19 06:15:00","RD","GR",NA,NA,NA,NA,NA,NA,0
"2024-05-19 06:30:00","RD","GR",NA,NA,NA,NA,NA,NA,0
"2024-05-19 06:45:00","RD","GR",NA,NA,NA,NA,NA,NA,5.3
"2024-05-19 07:00:00","RD","GR",NA,NA,NA,NA,NA,NA,10.1
"2024-05-19 07:15:00","RD","GR",NA,NA,NA,NA,NA,NA,14.8
"2024-05-19 07:30:00","RD","GR",NA,NA,NA,NA,NA,NA,19.4
"2024-05-19 07:45:00","RD","GR",NA,NA,NA,NA,NA,NA,37.7
"2024-05-19 08:00:00","RD","GR",NA,NA,NA,NA,NA,NA,45.2
"2024-05-19 08:15:00","RD","GR",NA,NA,NA,NA,NA,NA,42.3
"2024-05-19 08:30:00","RD","GR",NA,NA,NA,NA,NA,NA,112.1
"2024-05-19 08:45:00","RD","GR",NA,NA,NA,NA,NA,NA,123.8
"2024-05-19 09:00:00","RD","GR",NA,NA,NA,NA,NA,NA,65.4
"2024-05-19 09:15:00","RD","GR",NA,NA,NA,NA,NA,NA,137.1
"2024-05-19 09:30:00","RD","GR",NA,NA,NA,NA,NA,NA,72.9
"2024-05-19 09:45:00","RD","GR",NA,NA,NA,NA,NA,NA,102.5
"2024-05-19 10:00:00","RD","GR",NA,NA,NA,NA,NA,NA,93.6
"2024-05-19 10:15:00","RD","GR",NA,NA,NA,NA,NA,NA,160.6
"2024-05-19 10:30:00","RD","GR",NA,NA,NA,NA,NA,NA,298.1
"2024-05-19 10:45:00","RD","GR",NA,NA,NA,NA,NA,NA,780.2
"2024-05-19 11:00:00","RD","GR",NA,NA,NA,NA,NA,NA,670.5
"2024-05-19 11:15:00","RD","GR",NA,NA,NA,NA,NA,NA,535.9
"2024-05-19 11:30:00","RD","GR",NA,NA,NA,NA,NA,NA,403.2
"2024-05-19 11:45:00","RD","GR",NA,NA,NA,NA,NA,NA,306.5
"2024-05-19 12:00:00","RD","GR",NA,NA,NA,NA,NA,NA,339.3
"2024-05-19 12:15:00","RD","GR",NA,NA,NA,NA,NA,NA,192.6
"2024-05-19 12:30:00","RD","GR",NA,NA,NA,NA,NA,NA,184.9
"2024-05-19 12:45:00","RD","GR",NA,NA,NA,NA,NA,NA,168.6
"2024-05-19 13:00:00","RD","GR",NA,NA,NA,NA,NA,NA,156
"2024-05-19 13:15:00","RD","GR",NA,NA,NA,NA,NA,NA,143.6
"2024-05-19 13:30:00","RD","GR",NA,NA,NA,NA,NA,NA,141.2
"2024-05-19 13:45:00","RD","GR",NA,NA,NA,NA,NA,NA,136
"2024-05-19 14:00:00","RD","GR",NA,NA,NA,NA,NA,NA,150.5
"2024-05-19 14:15:00","RD","GR",NA,NA,NA,NA,NA,NA,121
"2024-05-19 14:30:00","RD","GR",NA,NA,NA,NA,NA,NA,197.9
"2024-05-19 14:45:00","RD","GR",NA,NA,NA,NA,NA,NA,205.4
"2024-05-19 15:00:00","RD","GR",NA,NA,NA,NA,NA,NA,367.7
"2024-05-19 15:15:00","RD","GR",NA,NA,NA,NA,NA,NA,808.4
"2024-05-19 15:30:00","RD","GR",NA,NA,NA,NA,NA,NA,175.8
"2024-05-19 15:45:00","RD","GR",NA,NA,NA,NA,NA,NA,101.8
"2024-05-19 16:00:00","RD","GR",NA,NA,NA,NA,NA,NA,280
"2024-05-19 16:15:00","RD","GR",NA,NA,NA,NA,NA,NA,157.5
"2024-05-19 16:30:00","RD","GR",NA,NA,NA,NA,NA,NA,141.4
"2024-05-19 16:45:00","RD","GR",NA,NA,NA,NA,NA,NA,134.8
"2024-05-19 17:00:00","RD","GR",NA,NA,NA,NA,NA,NA,121.9
"2024-05-19 17:15:00","RD","GR",NA,NA,NA,NA,NA,NA,139.3
"2024-05-19 17:30:00","RD","GR",NA,NA,NA,NA,NA,NA,118.5
"2024-05-19 17:45:00","RD","GR",NA,NA,NA,NA,NA,NA,98.9
"2024-05-19 18:00:00","RD","GR",NA,NA,NA,NA,NA,NA,94.3
"2024-05-19 18:15:00","RD","GR",NA,NA,NA,NA,NA,NA,78.6
"2024-05-19 18:30:00","RD","GR",NA,NA,NA,NA,NA,NA,70.9
"2024-05-19 18:45:00","RD","GR",NA,NA,NA,NA,NA,NA,72.7
"2024-05-19 19:00:00","RD","GR",NA,NA,NA,NA,NA,NA,57.3
"2024-05-19 19:15:00","RD","GR",NA,NA,NA,NA,NA,NA,52.9
"2024-05-19 19:30:00","RD","GR",NA,NA,NA,NA,NA,NA,41.4
"2024-05-19 19:45:00","RD","GR",NA,NA,NA,NA,NA,NA,38.5
"2024-05-19 20:00:00","RD","GR",NA,NA,NA,NA,NA,NA,28.4
"2024-05-19 20:15:00","RD","GR",NA,NA,NA,NA,NA,NA,20.1
"2024-05-19 20:30:00","RD","GR",NA,NA,NA,NA,NA,NA,9.3
"2024-05-19 20:45:00","RD","GR",NA,NA,NA,NA,NA,NA,0
"2024-05-19 21:00:00","RD","GR",NA,NA,NA,NA,NA,NA,0
"2024-05-19 21:15:00","RD","GR",NA,NA,NA,NA,NA,NA,0
"2024-05-19 21:30:00","RD","GR",NA,NA,NA,NA,NA,NA,0
"2024-05-19 21:45:00","RD","GR",NA,NA,NA,NA,NA,NA,0
"2024-05-19 22:00:00","RD","GR",NA,NA,NA,NA,NA,NA,0
"2024-05-19 22:15:00","RD","GR",NA,NA,NA,NA,NA,NA,0
"2024-05-19 22:30:00","RD","GR",NA,NA,NA,NA,NA,NA,0
"2024-05-19 22:45:00","RD","GR",NA,NA,NA,NA,NA,NA,0
"2024-05-19 23:00:00","RD","GR",NA,NA,NA,NA,NA,NA,0
"2024-05-19 23:15:00","RD","GR",NA,NA,NA,NA,NA,NA,0
"2024-05-19 23:30:00","RD","GR",NA,NA,NA,NA,NA,NA,0
"2024-05-19 23:45:00","RD","GR",NA,NA,NA,NA,NA,NA,0
"2024-05-20","RD","GR",NA,NA,NA,NA,NA,NA,0
"2024-05-20 00:15:00","RD","GR",NA,NA,NA,NA,NA,NA,0
"2024-05-20 00:30:00","RD","GR",NA,NA,NA,NA,NA,NA,0
"2024-05-20 00:45:00","RD","GR",NA,NA,NA,NA,NA,NA,0
"2024-05-20 01:00:00","RD","GR",NA,NA,NA,NA,NA,NA,0
"2024-05-20 01:15:00","RD","GR",NA,NA,NA,NA,NA,NA,0
"2024-05-20 01:30:00","RD","GR",NA,NA,NA,NA,NA,NA,0
"2024-05-20 01:45:00","RD","GR",NA,NA,NA,NA,NA,NA,0
"2024-05-20 02:00:00","RD","GR",NA,NA,NA,NA,NA,NA,0
"2024-05-20 02:15:00","RD","GR",NA,NA,NA,NA,NA,NA,0
"2024-05-20 02:30:00","RD","GR",NA,NA,NA,NA,NA,NA,0
"2024-05-20 02:45:00","RD","GR",NA,NA,NA,NA,NA,NA,0
"2024-05-20 03:00:00","RD","GR",NA,NA,NA,NA,NA,NA,0
"2024-05-20 03:15:00","RD","GR",NA,NA,NA,NA,NA,NA,0
"2024-05-20 03:30:00","RD","GR",NA,NA,NA,NA,NA,NA,0
"2024-05-20 03:45:00","RD","GR",NA,NA,NA,NA,NA,NA,0
"2024-05-20 04:00:00","RD","GR",NA,NA,NA,NA,NA,NA,0
"2024-05-20 04:15:00","RD","GR",NA,NA,NA,NA,NA,NA,0
"2024-05-20 04:30:00","RD","GR",NA,NA,NA,NA,NA,NA,0
"2024-05-20 04:45:00","RD","GR",NA,NA,NA,NA,NA,NA,0
"2024-05-20 05:00:00","RD","GR",NA,NA,NA,NA,NA,NA,0
"2024-05-20 05:15:00","RD","GR",NA,NA,NA,NA,NA,NA,0
"2024-05-20 05:30:00","RD","GR",NA,NA,NA,NA,NA,NA,0
"2024-05-20 05:45:00","RD","GR",NA,NA,NA,NA,NA,NA,0
"2024-05-20 06:00:00","RD","GR",NA,NA,NA,NA,NA,NA,0
"2024-05-20 06:15:00","RD","GR",NA,NA,NA,NA,NA,NA,0
"2024-05-20 06:30:00","RD","GR",NA,NA,NA,NA,NA,NA,0
"2024-05-20 06:45:00","RD","GR",NA,NA,NA,NA,NA,NA,6.6
"2024-05-20 07:00:00","RD","GR",NA,NA,NA,NA,NA,NA,10.8
"2024-05-20 07:15:00","RD","GR",NA,NA,NA,NA,NA,NA,15.6
"2024-05-20 07:30:00","RD","GR",NA,NA,NA,NA,NA,NA,20.1
"2024-05-20 07:45:00","RD","GR",NA,NA,NA,NA,NA,NA,43.9
"2024-05-20 08:00:00","RD","GR",NA,NA,NA,NA,NA,NA,47.1
"2024-05-20 08:15:00","RD","GR",NA,NA,NA,NA,NA,NA,54.7
"2024-05-20 08:30:00","RD","GR",NA,NA,NA,NA,NA,NA,125.1
"2024-05-20 08:45:00","RD","GR",NA,NA,NA,NA,NA,NA,145
"2024-05-20 09:00:00","RD","GR",NA,NA,NA,NA,NA,NA,63.4
"2024-05-20 09:15:00","RD","GR",NA,NA,NA,NA,NA,NA,134
"2024-05-20 09:30:00","RD","GR",NA,NA,NA,NA,NA,NA,74.7
"2024-05-20 09:45:00","RD","GR",NA,NA,NA,NA,NA,NA,113.9
"2024-05-20 10:00:00","RD","GR",NA,NA,NA,NA,NA,NA,91.6
"2024-05-20 10:15:00","RD","GR",NA,NA,NA,NA,NA,NA,180.9
"2024-05-20 10:30:00","RD","GR",NA,NA,NA,NA,NA,NA,322.8
"2024-05-20 10:45:00","RD","GR",NA,NA,NA,NA,NA,NA,813.4
"2024-05-20 11:00:00","RD","GR",NA,NA,NA,NA,NA,NA,759.2
"2024-05-20 11:15:00","RD","GR",NA,NA,NA,NA,NA,NA,539.6
"2024-05-20 11:30:00","RD","GR",NA,NA,NA,NA,NA,NA,376.8
"2024-05-20 11:45:00","RD","GR",NA,NA,NA,NA,NA,NA,345
"2024-05-20 12:00:00","RD","GR",NA,NA,NA,NA,NA,NA,331.2
"2024-05-20 12:15:00","RD","GR",NA,NA,NA,NA,NA,NA,271.4
"2024-05-20 12:30:00","RD","GR",NA,NA,NA,NA,NA,NA,220.3
"2024-05-20 12:45:00","RD","GR",NA,NA,NA,NA,NA,NA,222.5
"2024-05-20 13:00:00","RD","GR",NA,NA,NA,NA,NA,NA,179.3
"2024-05-20 13:15:00","RD","GR",NA,NA,NA,NA,NA,NA,155.6
"2024-05-20 13:30:00","RD","GR",NA,NA,NA,NA,NA,NA,158.2
"2024-05-20 13:45:00","RD","GR",NA,NA,NA,NA,NA,NA,160.2
"2024-05-20 14:00:00","RD","GR",NA,NA,NA,NA,NA,NA,148.7
"2024-05-20 14:15:00","RD","GR",NA,NA,NA,NA,NA,NA,150
"2024-05-20 14:30:00","RD","GR",NA,NA,NA,NA,NA,NA,160.9
"2024-05-20 14:45:00","RD","GR",NA,NA,NA,NA,NA,NA,225.6
"2024-05-20 15:00:00","RD","GR",NA,NA,NA,NA,NA,NA,789.9
"2024-05-20 15:15:00","RD","GR",NA,NA,NA,NA,NA,NA,988
"2024-05-20 15:30:00","RD","GR",NA,NA,NA,NA,NA,NA,497.9
"2024-05-20 15:45:00","RD","GR",NA,NA,NA,NA,NA,NA,459
"2024-05-20 16:00:00","RD","GR",NA,NA,NA,NA,NA,NA,641.4
"2024-05-20 16:15:00","RD","GR",NA,NA,NA,NA,NA,NA,180.9
"2024-05-20 16:30:00","RD","GR",NA,NA,NA,NA,NA,NA,179.6
"2024-05-20 16:45:00","RD","GR",NA,NA,NA,NA,NA,NA,201.4
"2024-05-20 17:00:00","RD","GR",NA,NA,NA,NA,NA,NA,177.4
"2024-05-20 17:15:00","RD","GR",NA,NA,NA,NA,430,NA,131.8
"2024-05-20 17:30:00","RD","GR",NA,NA,NA,NA,430,NA,97.6
"2024-05-20 17:45:00","RD","GR",NA,NA,NA,NA,430,NA,118.3
"2024-05-20 18:00:00","RD","GR",NA,NA,NA,NA,430,NA,100.9
"2024-05-20 18:15:00","RD","GR",NA,NA,NA,NA,430,NA,76.2
"2024-05-20 18:30:00","RD","GR",NA,NA,NA,NA,430,NA,66.5
"2024-05-20 18:45:00","RD","GR",NA,NA,NA,NA,430,NA,60.2
"2024-05-20 19:00:00","RD","GR",NA,NA,NA,NA,431,NA,56.9
"2024-05-20 19:15:00","RD","GR",NA,NA,NA,NA,431,NA,52
"2024-05-20 19:30:00","RD","GR",NA,NA,NA,NA,431,NA,39.7
"2024-05-20 19:45:00","RD","GR",NA,NA,NA,NA,432,NA,25.3
"2024-05-20 20:00:00","RD","GR",NA,NA,NA,NA,432,NA,13
"2024-05-20 20:15:00","RD","GR",NA,NA,NA,NA,432,NA,8.1
"2024-05-20 20:30:00","RD","GR",NA,NA,NA,NA,432,NA,4.8
"2024-05-20 20:45:00","RD","GR",NA,NA,NA,NA,433,NA,0
"2024-05-20 21:00:00","RD","GR",NA,NA,NA,NA,433,NA,0
"2024-05-20 21:15:00","RD","GR",NA,NA,NA,NA,433,NA,0
"2024-05-20 21:30:00","RD","GR",NA,NA,NA,NA,433,NA,0
"2024-05-20 21:45:00","RD","GR",NA,NA,NA,NA,433,NA,0
"2024-05-20 22:00:00","RD","GR",NA,NA,NA,NA,434,NA,0
"2024-05-20 22:15:00","RD","GR",NA,NA,NA,NA,433,NA,0
"2024-05-20 22:30:00","RD","GR",NA,NA,NA,NA,434,NA,0
"2024-05-20 22:45:00","RD","GR",NA,NA,NA,NA,434,NA,0
"2024-05-20 23:00:00","RD","GR",NA,NA,NA,NA,434,NA,0
"2024-05-20 23:15:00","RD","GR",NA,NA,NA,NA,434,NA,0
"2024-05-20 23:30:00","RD","GR",NA,NA,NA,NA,434,NA,0
"2024-05-20 23:45:00","RD","GR",NA,NA,NA,NA,434,NA,0
"2024-05-21","RD","GR",NA,NA,NA,NA,434,NA,0
"2024-05-21 00:15:00","RD","GR",NA,NA,NA,NA,435,NA,0
"2024-05-21 00:30:00","RD","GR",NA,NA,NA,NA,434,NA,0
"2024-05-21 00:45:00","RD","GR",NA,NA,NA,NA,434,NA,0
"2024-05-21 01:00:00","RD","GR",NA,NA,NA,NA,435,NA,0
"2024-05-21 01:15:00","RD","GR",NA,NA,NA,NA,435,NA,0
"2024-05-21 01:30:00","RD","GR",NA,NA,NA,NA,434,NA,0
"2024-05-21 01:45:00","RD","GR",NA,NA,NA,NA,434,NA,0
"2024-05-21 02:00:00","RD","GR",NA,NA,NA,NA,434,NA,0
"2024-05-21 02:15:00","RD","GR",NA,NA,NA,NA,435,NA,0
"2024-05-21 02:30:00","RD","GR",NA,NA,NA,NA,434,NA,0
"2024-05-21 02:45:00","RD","GR",NA,NA,NA,NA,434,NA,0
"2024-05-21 03:00:00","RD","GR",NA,NA,NA,NA,434,NA,0
"2024-05-21 03:15:00","RD","GR",NA,NA,NA,NA,434,NA,0
"2024-05-21 03:30:00","RD","GR",NA,NA,NA,NA,434,NA,0
"2024-05-21 03:45:00","RD","GR",NA,NA,NA,NA,434,NA,0
"2024-05-21 04:00:00","RD","GR",NA,NA,NA,NA,434,NA,0
"2024-05-21 04:15:00","RD","GR",NA,NA,NA,NA,434,NA,0
"2024-05-21 04:30:00","RD","GR",NA,NA,NA,NA,435,NA,0
"2024-05-21 04:45:00","RD","GR",NA,NA,NA,NA,434,NA,0
"2024-05-21 05:00:00","RD","GR",NA,NA,NA,NA,435,NA,0
"2024-05-21 05:15:00","RD","GR",NA,NA,NA,NA,435,NA,0
"2024-05-21 05:30:00","RD","GR",NA,NA,NA,NA,434,NA,0
"2024-05-21 05:45:00","RD","GR",NA,NA,NA,NA,434,NA,0
"2024-05-21 06:00:00","RD","GR",NA,NA,NA,NA,435,NA,0
"2024-05-21 06:15:00","RD","GR",NA,NA,NA,NA,435,NA,0
"2024-05-21 06:30:00","RD","GR",NA,NA,NA,NA,435,NA,0
"2024-05-21 06:45:00","RD","GR",NA,NA,NA,NA,435,NA,4.4
"2024-05-21 07:00:00","RD","GR",NA,NA,NA,NA,435,NA,15.7
"2024-05-21 07:15:00","RD","GR",NA,NA,NA,NA,435,NA,27.8
"2024-05-21 07:30:00","RD","GR",NA,NA,NA,NA,436,NA,49.4
"2024-05-21 07:45:00","RD","GR",NA,NA,NA,NA,436,NA,53.6
"2024-05-21 08:00:00","RD","GR",NA,NA,NA,NA,435,NA,50.2
"2024-05-21 08:15:00","RD","GR",NA,NA,NA,NA,436,NA,34.8
"2024-05-21 08:30:00","RD","GR",NA,NA,NA,NA,435,NA,41
"2024-05-21 08:45:00","RD","GR",NA,NA,NA,NA,436,NA,85
"2024-05-21 09:00:00","RD","GR",NA,NA,NA,NA,435,NA,61.5
"2024-05-21 09:15:00","RD","GR",NA,NA,NA,NA,435,NA,56.4
"2024-05-21 09:30:00","RD","GR",NA,NA,NA,NA,435,NA,96.9
"2024-05-21 09:45:00","RD","GR",NA,NA,NA,NA,434,NA,134.8
"2024-05-21 10:00:00","RD","GR",NA,NA,NA,NA,435,NA,99.4
"2024-05-21 10:15:00","RD","GR",NA,NA,NA,NA,435,NA,119.9
"2024-05-21 10:30:00","RD","GR",NA,NA,NA,NA,434,NA,200.1
"2024-05-21 10:45:00","RD","GR",NA,NA,NA,NA,434,NA,160.2
"2024-05-21 11:00:00","RD","GR",NA,NA,NA,NA,432,NA,307.8
"2024-05-21 11:15:00","RD","GR",NA,NA,NA,NA,431,NA,607.2
"2024-05-21 11:30:00","RD","GR",NA,NA,NA,NA,429,NA,690.1
"2024-05-21 11:45:00","RD","GR",NA,NA,NA,NA,430,NA,736.6
"2024-05-21 12:00:00","RD","GR",NA,NA,NA,NA,430,NA,493.5
"2024-05-21 12:15:00","RD","GR",NA,NA,NA,NA,431,NA,156.9
"2024-05-21 12:30:00","RD","GR",NA,NA,NA,NA,431,NA,145.6
"2024-05-21 12:45:00","RD","GR",NA,NA,NA,NA,431,NA,145.6
"2024-05-21 13:00:00","RD","GR",NA,NA,NA,NA,432,NA,133.1
"2024-05-21 13:15:00","RD","GR",NA,NA,NA,NA,431,NA,138.6
"2024-05-21 13:30:00","RD","GR",NA,NA,NA,NA,431,NA,183.5
"2024-05-21 13:45:00","RD","GR",NA,NA,NA,NA,431,NA,154.9
"2024-05-21 14:00:00","RD","GR",NA,NA,NA,NA,431,NA,153.8
"2024-05-21 14:15:00","RD","GR",NA,NA,NA,NA,430,NA,172.5
"2024-05-21 14:30:00","RD","GR",NA,NA,NA,NA,431,NA,254.2
"2024-05-21 14:45:00","RD","GR",NA,NA,NA,NA,431,NA,179.8
"2024-05-21 15:00:00","RD","GR",NA,NA,NA,NA,430,NA,182.2
"2024-05-21 15:15:00","RD","GR",NA,NA,NA,NA,431,NA,134.9
"2024-05-21 15:30:00","RD","GR",NA,NA,NA,NA,430,NA,260.4
"2024-05-21 15:45:00","RD","GR",NA,NA,NA,NA,431,NA,491.6
"2024-05-21 16:00:00","RD","GR",NA,NA,NA,NA,430,NA,558.7
"2024-05-16 04:45:00","RD","MC",0.02,1.825,96.26,16.3,455,444,0
"2024-05-16 05:00:00","RD","MC",0.02,1.829,96.27,16.3,455,444,0
"2024-05-16 05:15:00","RD","MC",0.02,1.826,96.28,16.3,455,444,0
"2024-05-16 05:30:00","RD","MC",0.02,1.822,96.29,16.2,456,445,0
"2024-05-16 05:45:00","RD","MC",0.02,1.824,96.3,16.2,456,446,0
"2024-05-16 06:00:00","RD","MC",0.02,1.823,96.31,16.2,456,445,0
"2024-05-16 06:15:00","RD","MC",0.02,1.83,96.32,16.3,455,444,0
"2024-05-16 06:30:00","RD","MC",0.02,1.83,96.33,16.3,455,444,0
"2024-05-16 06:45:00","RD","MC",0.02,1.833,96.34,16.3,455,444,0
"2024-05-16 07:00:00","RD","MC",0.02,1.836,96.34,16.4,455,443,3.3
"2024-05-16 07:15:00","RD","MC",0.02,1.837,96.33,16.4,454,444,8.4
"2024-05-16 07:30:00","RD","MC",0.02,1.837,96.34,16.4,454,442,16.7
"2024-05-16 07:45:00","RD","MC",0.02,1.855,96.38,16.5,453,441,18.5
"2024-05-16 08:00:00","RD","MC",0.02,1.864,96.41,16.6,453,441,16.5
"2024-05-16 08:15:00","RD","MC",0.02,1.878,96.42,16.7,453,442,26.6
"2024-05-16 08:30:00","RD","MC",0.02,1.912,96.42,17,452,441,34.2
"2024-05-16 08:45:00","RD","MC",0.02,1.94,96.45,17.2,452,441,35
"2024-05-16 09:00:00","RD","MC",0.03,1.949,96.43,17.4,451,440,53.5
"2024-05-16 09:15:00","RD","MC",0.06,1.953,96.42,17.6,451,440,60.1
"2024-05-16 09:30:00","RD","MC",0.09,1.945,96.42,17.8,451,440,66.5
"2024-05-16 09:45:00","RD","MC",0.13,1.946,96.42,18.1,451,440,81.5
"2024-05-16 10:00:00","RD","MC",0.17,1.932,96.43,18.3,450,440,89.2
"2024-05-16 10:15:00","RD","MC",0.2,1.946,96.44,18.6,450,439,99.6
"2024-05-16 10:30:00","RD","MC",0.22,1.96,96.46,18.9,450,439,84.4
"2024-05-16 10:45:00","RD","MC",0.24,1.967,96.47,19.1,450,439,104.7
"2024-05-16 11:00:00","RD","MC",0.3,1.992,96.46,19.7,448,438,206.2
"2024-05-16 11:15:00","RD","MC",0.39,1.995,96.46,20.3,448,438,158.6
"2024-05-16 11:30:00","RD","MC",0.45,2.005,96.46,20.8,448,438,139.3
"2024-05-16 11:45:00","RD","MC",0.45,2.024,96.47,20.9,448,438,124
"2024-05-16 12:00:00","RD","MC",0.46,1.987,96.46,20.7,448,438,170.7
"2024-05-16 12:15:00","RD","MC",0.55,2.028,96.47,21.6,447,437,157.7
"2024-05-16 12:30:00","RD","MC",0.6,1.931,96.47,21.3,448,438,110.2
"2024-05-16 12:45:00","RD","MC",0.59,1.893,96.46,21,448,438,105.3
"2024-05-16 13:00:00","RD","MC",0.6,1.978,96.45,21.6,447,437,193.4
"2024-05-16 13:15:00","RD","MC",0.7,1.937,96.46,22,447,437,111.5
"2024-05-16 13:30:00","RD","MC",0.62,1.978,96.47,21.8,447,436,166.1
"2024-05-16 13:45:00","RD","MC",0.84,1.947,96.46,22.9,447,436,160.6
"2024-05-16 14:00:00","RD","MC",0.83,2.023,96.45,23.3,446,436,175.4
"2024-05-16 14:15:00","RD","MC",0.92,2.05,96.44,24,446,436,180.2
"2024-05-16 14:30:00","RD","MC",1.01,1.943,96.47,23.8,446,436,148.5
"2024-05-16 14:45:00","RD","MC",0.96,1.842,96.48,23,446,436,134.2
"2024-05-16 15:00:00","RD","MC",1,1.876,96.48,23.4,446,436,110
"2024-05-16 15:15:00","RD","MC",0.93,1.918,96.49,23.2,446,436,134.8
"2024-05-16 15:30:00","RD","MC",0.94,1.922,96.49,23.3,446,436,127.4
"2024-05-16 15:45:00","RD","MC",1.07,1.95,96.47,24.2,445,433,148.1
"2024-05-16 16:00:00","RD","MC",1.13,1.882,96.46,24.2,446,435,149.6
"2024-05-16 16:15:00","RD","MC",1.11,1.92,96.45,24.3,445,435,141.7
"2024-05-16 16:30:00","RD","MC",1.05,1.89,96.45,23.8,446,436,85
"2024-05-16 16:45:00","RD","MC",0.89,1.903,96.45,22.9,446,435,96.7
"2024-05-16 17:00:00","RD","MC",1.01,1.96,96.43,23.9,445,435,131.8
"2024-05-16 17:15:00","RD","MC",1.06,1.944,96.43,24.1,445,435,97.6
"2024-05-16 17:30:00","RD","MC",0.91,1.918,96.47,23.1,446,436,45.6
"2024-05-16 17:45:00","RD","MC",0.91,1.899,96.47,23,446,435,76.4
"2024-05-16 18:00:00","RD","MC",0.98,1.931,96.46,23.6,446,436,77.8
"2024-05-16 18:15:00","RD","MC",1,1.917,96.46,23.6,446,436,70.9
"2024-05-16 18:30:00","RD","MC",0.94,1.904,96.45,23.2,446,436,50
"2024-05-16 18:45:00","RD","MC",1,1.93,96.44,23.7,446,435,60.8
"2024-05-16 19:00:00","RD","MC",0.99,1.955,96.42,23.8,446,436,52.9
"2024-05-16 19:15:00","RD","MC",0.96,1.928,96.41,23.5,446,436,52.9
"2024-05-16 19:30:00","RD","MC",0.99,1.872,96.41,23.3,446,436,58.8
"2024-05-16 19:45:00","RD","MC",0.96,1.891,96.42,23.2,446,436,23.3
"2024-05-16 20:00:00","RD","MC",0.95,1.863,96.43,23,446,436,12.6
"2024-05-16 20:15:00","RD","MC",0.81,1.918,96.42,22.5,447,437,14.6
"2024-05-16 20:30:00","RD","MC",0.72,1.907,96.41,21.9,447,437,3.1
"2024-05-16 20:45:00","RD","MC",0.63,1.932,96.39,21.5,447,438,0
"2024-05-16 21:00:00","RD","MC",0.51,1.931,96.39,20.7,448,438,0
"2024-05-16 21:15:00","RD","MC",0.44,1.922,96.4,20.2,448,438,0
"2024-05-16 21:30:00","RD","MC",0.41,1.918,96.41,19.9,448,438,0
"2024-05-16 21:45:00","RD","MC",0.38,1.92,96.41,19.8,449,438,0
"2024-05-16 22:00:00","RD","MC",0.31,1.923,96.41,19.3,449,439,0
"2024-05-16 22:15:00","RD","MC",0.31,1.913,96.39,19.2,449,439,0
"2024-05-16 22:30:00","RD","MC",0.29,1.899,96.4,19,449,439,0
"2024-05-16 22:45:00","RD","MC",0.24,1.89,96.41,18.5,449,439,0
"2024-05-16 23:00:00","RD","MC",0.23,1.892,96.43,18.5,450,439,0
"2024-05-16 23:15:00","RD","MC",0.21,1.894,96.45,18.3,450,440,0
"2024-05-16 23:30:00","RD","MC",0.18,1.896,96.46,18.1,450,440,0
"2024-05-16 23:45:00","RD","MC",0.18,1.883,96.48,18,450,440,0
"2024-05-17","RD","MC",0.17,1.87,96.48,17.8,451,440,0
"2024-05-17 00:15:00","RD","MC",0.13,1.869,96.5,17.5,451,440,0
"2024-05-17 00:30:00","RD","MC",0.12,1.877,96.51,17.5,451,440,0
"2024-05-17 00:45:00","RD","MC",0.14,1.88,96.51,17.6,451,440,0
"2024-05-17 01:00:00","RD","MC",0.14,1.875,96.51,17.6,451,440,0
"2024-05-17 01:15:00","RD","MC",0.14,1.876,96.5,17.7,451,440,0
"2024-05-17 01:30:00","RD","MC",0.15,1.876,96.48,17.7,451,440,0
"2024-05-17 01:45:00","RD","MC",0.15,1.874,96.45,17.7,450,440,0
"2024-05-17 02:00:00","RD","MC",0.16,1.872,96.43,17.7,451,440,0
"2024-05-17 02:15:00","RD","MC",0.15,1.862,96.41,17.6,451,440,0
"2024-05-17 02:30:00","RD","MC",0.14,1.85,96.39,17.4,451,440,0
"2024-05-17 02:45:00","RD","MC",0.12,1.838,96.38,17.1,451,440,0
"2024-05-17 03:00:00","RD","MC",0.11,1.843,96.38,17.1,451,440,0
"2024-05-17 03:15:00","RD","MC",0.11,1.843,96.36,17.1,451,440,0
"2024-05-17 03:30:00","RD","MC",0.1,1.826,96.37,16.9,452,441,0
"2024-05-17 03:45:00","RD","MC",0.09,1.827,96.37,16.8,452,441,0
"2024-05-17 04:00:00","RD","MC",0.08,1.821,96.36,16.7,452,441,0
"2024-05-17 04:15:00","RD","MC",0.08,1.812,96.36,16.6,453,441,0
"2024-05-17 04:30:00","RD","MC",0.06,1.793,96.36,16.3,453,441,0
"2024-05-17 04:45:00","RD","MC",0.05,1.806,96.37,16.3,453,441,0
"2024-05-17 05:00:00","RD","MC",0.04,1.799,96.37,16.2,453,441,0
"2024-05-17 05:15:00","RD","MC",0.04,1.809,96.36,16.2,453,441,0
"2024-05-17 05:30:00","RD","MC",0.03,1.804,96.37,16.2,453,442,0
"2024-05-17 05:45:00","RD","MC",0.03,1.786,96.41,16,454,442,0
"2024-05-17 06:00:00","RD","MC",0.03,1.797,96.43,16,454,442,0
"2024-05-17 06:15:00","RD","MC",0.02,1.812,96.44,16.2,453,442,0
"2024-05-17 06:30:00","RD","MC",0.02,1.812,96.44,16.2,453,442,0
"2024-05-17 06:45:00","RD","MC",0.02,1.8,96.46,16,453,442,0
"2024-05-17 07:00:00","RD","MC",0.02,1.798,96.49,16,453,442,0.7
"2024-05-17 07:15:00","RD","MC",0.02,1.803,96.52,16.1,453,442,7.7
"2024-05-17 07:30:00","RD","MC",0.02,1.801,96.54,16,453,442,9.3
"2024-05-17 07:45:00","RD","MC",0.02,1.796,96.56,16,454,442,11
"2024-05-17 08:00:00","RD","MC",0.02,1.802,96.58,16,454,442,15.7
"2024-05-17 08:15:00","RD","MC",0.02,1.819,96.6,16.2,454,442,16.1
"2024-05-17 08:30:00","RD","MC",0.02,1.835,96.61,16.4,455,442,15
"2024-05-17 08:45:00","RD","MC",0.02,1.83,96.62,16.3,460,442,13.2
"2024-05-17 09:00:00","RD","MC",0.02,1.843,96.62,16.4,469,443,10.3
"2024-05-17 09:15:00","RD","MC",0.02,1.832,96.61,16.3,712,453,9.7
"2024-05-17 09:30:00","RD","MC",0.02,1.824,96.62,16.2,695,454,14.1
"2024-05-17 09:45:00","RD","MC",0.02,1.837,96.63,16.4,700,453,15.4
"2024-05-17 10:00:00","RD","MC",0.02,1.854,96.62,16.5,708,453,23.8
"2024-05-17 10:15:00","RD","MC",0.02,1.879,96.61,16.7,682,450,54.6
"2024-05-17 10:30:00","RD","MC",0.02,1.923,96.61,17.1,670,449,57.5
"2024-05-17 10:45:00","RD","MC",0.03,1.963,96.61,17.4,646,448,61.7
"2024-05-17 11:00:00","RD","MC",0.03,1.971,96.6,17.5,632,448,68.7
"2024-05-17 11:15:00","RD","MC",0.02,2.025,96.6,17.9,613,447,102
"2024-05-17 11:30:00","RD","MC",0.03,2.087,96.62,18.4,595,446,93.6
"2024-05-17 11:45:00","RD","MC",0.07,2.1,96.64,18.8,585,446,88.3
"2024-05-17 12:00:00","RD","MC",0.09,2.126,96.65,19.2,581,446,69
"2024-05-17 12:15:00","RD","MC",0.12,2.112,96.61,19.2,575,446,89.4
"2024-05-17 12:30:00","RD","MC",0.08,2.174,96.59,19.4,570,445,94.5
"2024-05-17 12:45:00","RD","MC",0.13,2.166,96.6,19.7,559,444,81.5
"2024-05-17 13:00:00","RD","MC",0.19,2.101,96.6,19.7,551,444,60.8
"2024-05-17 13:15:00","RD","MC",0.16,2.139,96.6,19.7,546,443,71
"2024-05-17 13:30:00","RD","MC",0.14,2.163,96.59,19.8,542,443,68.8
"2024-05-17 13:45:00","RD","MC",0.12,2.162,96.58,19.6,545,444,82.6
"2024-05-17 14:00:00","RD","MC",0.11,2.19,96.56,19.8,528,443,119
"2024-05-17 14:15:00","RD","MC",0.13,2.209,96.54,20,521,443,83.7
"2024-05-17 14:30:00","RD","MC",0.12,2.193,96.53,19.8,511,443,71.6
"2024-05-17 14:45:00","RD","MC",0.11,2.202,96.51,19.8,499,443,76.9
"2024-05-17 15:00:00","RD","MC",0.12,2.227,96.49,20.1,483,442,101.4
"2024-05-17 15:15:00","RD","MC",0.14,2.214,96.47,20.1,469,442,73.8
"2024-05-17 15:30:00","RD","MC",0.13,2.18,96.45,19.8,460,442,76.4
"2024-05-17 15:45:00","RD","MC",0.12,2.181,96.44,19.8,454,442,67.4
"2024-05-17 16:00:00","RD","MC",0.13,2.148,96.41,19.6,479,444,65
"2024-05-17 16:15:00","RD","MC",0.09,2.195,96.39,19.6,494,446,81.8
"2024-05-17 16:30:00","RD","MC",0.1,2.221,96.39,19.9,472,446,63.7
"2024-05-17 16:45:00","RD","MC",0.13,2.176,96.4,19.8,464,446,24.9
"2024-05-17 17:00:00","RD","MC",0.09,2.149,96.39,19.3,456,446,24.7
"2024-05-17 17:15:00","RD","MC",0.08,2.158,96.41,19.3,454,445,34.4
"2024-05-17 17:30:00","RD","MC",0.06,2.178,96.38,19.3,457,446,36.1
"2024-05-17 17:45:00","RD","MC",0.04,2.163,96.36,19,456,445,35.5
"2024-05-17 18:00:00","RD","MC",0.04,2.176,96.37,19.1,454,445,30.8
"2024-05-17 18:15:00","RD","MC",0.05,2.154,96.37,19,453,445,13.7
"2024-05-17 18:30:00","RD","MC",0.07,2.117,96.36,18.9,464,445,11
"2024-05-17 18:45:00","RD","MC",0.07,2.107,96.35,18.8,511,446,20
"2024-05-17 19:00:00","RD","MC",0.05,2.102,96.34,18.7,544,448,13.7
"2024-05-17 19:15:00","RD","MC",0.04,2.112,96.35,18.6,624,453,5.5
"2024-05-17 19:30:00","RD","MC",0.03,2.105,96.35,18.5,853,477,6.8
"2024-05-17 19:45:00","RD","MC",0.04,2.021,96.36,18,636,534,0.9
"2024-05-17 20:00:00","RD","MC",0.05,1.962,96.37,17.6,825,570,1.3
"2024-05-17 20:15:00","RD","MC",0.04,1.941,96.37,17.4,688,589,0
"2024-05-17 20:30:00","RD","MC",0.03,1.937,96.36,17.2,585,586,0
"2024-05-17 20:45:00","RD","MC",0.02,1.911,96.38,17,575,578,0
"2024-05-17 21:00:00","RD","MC",0.02,1.896,96.37,16.8,532,582,0
"2024-05-17 21:15:00","RD","MC",0.02,1.89,96.37,16.8,516,581,0
"2024-05-17 21:30:00","RD","MC",0.02,1.884,96.38,16.8,509,580,0
"2024-05-17 21:45:00","RD","MC",0.02,1.872,96.39,16.7,501,575,0
"2024-05-17 22:00:00","RD","MC",0.02,1.873,96.4,16.7,518,573,0
"2024-05-17 22:15:00","RD","MC",0.02,1.868,96.42,16.6,510,575,0
"2024-05-17 22:30:00","RD","MC",0.02,1.866,96.44,16.6,500,577,0
"2024-05-17 22:45:00","RD","MC",0.02,1.869,96.46,16.6,499,578,0
"2024-05-17 23:00:00","RD","MC",0.02,1.872,96.46,16.6,538,582,0
"2024-05-17 23:15:00","RD","MC",0.02,1.871,96.47,16.6,584,589,0
"2024-05-17 23:30:00","RD","MC",0.02,1.866,96.46,16.6,563,590,0
"2024-05-17 23:45:00","RD","MC",0.02,1.863,96.46,16.6,535,587,0
"2024-05-18","RD","MC",0.02,1.86,96.46,16.6,519,587,0
"2024-05-18 00:15:00","RD","MC",0.02,1.86,96.45,16.6,563,588,0
"2024-05-18 00:30:00","RD","MC",0.02,1.864,96.45,16.6,559,585,0
"2024-05-18 00:45:00","RD","MC",0.02,1.862,96.44,16.6,532,584,0
"2024-05-18 01:00:00","RD","MC",0.02,1.86,96.42,16.6,541,587,0
"2024-05-18 01:15:00","RD","MC",0.02,1.86,96.42,16.6,538,586,0
"2024-05-18 01:30:00","RD","MC",0.02,1.857,96.41,16.5,527,585,0
"2024-05-18 01:45:00","RD","MC",0.02,1.861,96.41,16.6,516,579,0
"2024-05-18 02:00:00","RD","MC",0.02,1.861,96.41,16.6,601,590,0
"2024-05-18 02:15:00","RD","MC",0.02,1.861,96.39,16.6,779,601,0
"2024-05-18 02:30:00","RD","MC",0.02,1.862,96.38,16.6,606,602,0
"2024-05-18 02:45:00","RD","MC",0.02,1.869,96.38,16.6,573,603,0
"2024-05-18 03:00:00","RD","MC",0.02,1.864,96.38,16.6,616,611,0
"2024-05-18 03:15:00","RD","MC",0.02,1.86,96.39,16.6,562,609,0
"2024-05-18 03:30:00","RD","MC",0.02,1.866,96.38,16.6,628,612,0
"2024-05-18 03:45:00","RD","MC",0.02,1.867,96.39,16.6,573,612,0
"2024-05-18 04:00:00","RD","MC",0.02,1.87,96.39,16.6,572,611,0
"2024-05-18 04:15:00","RD","MC",0.02,1.871,96.38,16.6,536,609,0
"2024-05-18 04:30:00","RD","MC",0.02,1.864,96.4,16.6,569,620,0
"2024-05-18 04:45:00","RD","MC",0.02,1.863,96.42,16.6,559,620,0
"2024-05-18 05:00:00","RD","MC",0.02,1.87,96.44,16.7,619,618,0
"2024-05-18 05:15:00","RD","MC",0.02,1.871,96.45,16.7,806,631,0
"2024-05-18 05:30:00","RD","MC",0.02,1.87,96.44,16.6,623,641,0
"2024-05-18 05:45:00","RD","MC",0.02,1.87,96.44,16.6,582,636,0
"2024-05-18 06:00:00","RD","MC",0.02,1.869,96.44,16.6,554,630,0
"2024-05-18 06:15:00","RD","MC",0.02,1.868,96.46,16.6,545,630,0
"2024-05-18 06:30:00","RD","MC",0.02,1.868,96.47,16.6,526,630,0
"2024-05-18 06:45:00","RD","MC",0.02,1.876,96.47,16.7,540,630,0
"2024-05-18 07:00:00","RD","MC",0.02,1.879,96.48,16.7,546,627,0
"2024-05-18 07:15:00","RD","MC",0.02,1.88,96.51,16.7,528,629,6.6
"2024-05-18 07:30:00","RD","MC",0.02,1.88,96.52,16.7,517,624,3.8
"2024-05-18 07:45:00","RD","MC",0.02,1.878,96.54,16.7,511,618,8.4
"2024-05-18 08:00:00","RD","MC",0.02,1.889,96.57,16.8,509,622,11.5
"2024-05-18 08:15:00","RD","MC",0.02,1.895,96.58,16.8,501,620,17.4
"2024-05-18 08:30:00","RD","MC",0.02,1.91,96.59,17,543,619,19.6
"2024-05-18 08:45:00","RD","MC",0.02,1.917,96.59,17,505,608,23.6
"2024-05-18 09:00:00","RD","MC",0.02,1.925,96.59,17.1,497,599,47.1
"2024-05-18 09:15:00","RD","MC",0.02,1.945,96.6,17.3,482,595,33.1
"2024-05-18 09:30:00","RD","MC",0.02,1.924,96.59,17.1,472,593,24.2
"2024-05-18 09:45:00","RD","MC",0.02,1.947,96.59,17.3,463,584,51.1
"2024-05-18 10:00:00","RD","MC",0.03,1.967,96.61,17.4,458,574,57.9
"2024-05-18 10:15:00","RD","MC",0.02,1.97,96.62,17.5,455,565,49.3
"2024-05-18 10:30:00","RD","MC",0.02,1.986,96.61,17.6,460,557,50.5
"2024-05-18 10:45:00","RD","MC",0.02,1.976,96.59,17.5,479,548,48.5
"2024-05-18 11:00:00","RD","MC",0.02,1.973,96.59,17.5,470,540,36.6
"2024-05-18 11:15:00","RD","MC",0.03,1.964,96.6,17.4,462,533,39.7
"2024-05-18 11:30:00","RD","MC",0.02,1.999,96.62,17.7,455,526,83.7
"2024-05-18 11:45:00","RD","MC",0.03,2.091,96.64,18.4,452,515,132.6
"2024-05-18 12:00:00","RD","MC",0.03,2.125,96.66,18.7,452,507,82.9
"2024-05-18 12:15:00","RD","MC",0.07,2.078,96.64,18.7,452,494,112.6
"2024-05-18 12:30:00","RD","MC",0.08,2.106,96.61,18.9,452,481,112.2
"2024-05-18 12:45:00","RD","MC",0.12,2.104,96.58,19.2,468,473,146.1
"2024-05-18 13:00:00","RD","MC",0.19,2.112,96.6,19.8,453,461,165.9
"2024-05-18 13:15:00","RD","MC",0.27,2.179,96.59,20.7,449,440,209.7
"2024-05-18 13:30:00","RD","MC",0.37,2.178,96.58,21.4,449,438,437.4
"2024-05-18 13:45:00","RD","MC",0.45,2.135,96.55,21.6,449,438,179.1
"2024-05-18 14:00:00","RD","MC",0.45,2.054,96.55,21.2,449,438,125.1
"2024-05-18 14:15:00","RD","MC",0.43,2.005,96.56,20.6,449,439,79.7
"2024-05-18 14:30:00","RD","MC",0.35,2.041,96.57,20.4,449,439,58.2
"2024-05-18 14:45:00","RD","MC",0.39,2.007,96.55,20.4,449,439,65.2
"2024-05-18 15:00:00","RD","MC",0.39,2.018,96.55,20.5,449,439,68.1
"2024-05-18 15:15:00","RD","MC",0.38,2.051,96.53,20.6,449,439,79.1
"2024-05-18 15:30:00","RD","MC",0.4,2.051,96.54,20.8,449,439,84
"2024-05-18 15:45:00","RD","MC",0.42,2.036,96.53,20.8,449,439,75.1
"2024-05-18 16:00:00","RD","MC",0.39,2.078,96.5,20.9,449,439,87.2
"2024-05-18 16:15:00","RD","MC",0.4,2.08,96.49,20.9,449,439,73.2
"2024-05-18 16:30:00","RD","MC",0.4,2.082,96.48,21,449,439,80.6
"2024-05-18 16:45:00","RD","MC",0.41,2.122,96.46,21.3,449,438,96.7
"2024-05-18 17:00:00","RD","MC",0.44,2.158,96.45,21.7,448,438,102.5
"2024-05-18 17:15:00","RD","MC",0.51,2.076,96.43,21.6,448,438,103.5
"2024-05-18 17:30:00","RD","MC",0.54,2.108,96.42,22,448,437,96.3
"2024-05-18 17:45:00","RD","MC",0.55,2.088,96.43,22,448,438,66.5
"2024-05-18 18:00:00","RD","MC",0.53,2.122,96.42,22.1,448,438,64.8
"2024-05-18 18:15:00","RD","MC",0.51,2.102,96.44,21.8,448,438,50.2
"2024-05-18 18:30:00","RD","MC",0.56,2.043,96.44,21.7,448,438,50
"2024-05-18 18:45:00","RD","MC",0.57,2.028,96.43,21.7,448,438,38.8
"2024-05-18 19:00:00","RD","MC",0.52,2.046,96.44,21.5,449,438,28.9
"2024-05-18 19:15:00","RD","MC",0.44,2.087,96.44,21.3,449,439,22.3
"2024-05-18 19:30:00","RD","MC",0.41,2.098,96.46,21.2,449,439,15.7
"2024-05-18 19:45:00","RD","MC",0.34,2.146,96.46,21,449,439,11.4
"2024-05-18 20:00:00","RD","MC",0.28,2.172,96.45,20.8,450,439,8.8
"2024-05-18 20:15:00","RD","MC",0.25,2.159,96.44,20.5,450,439,6.6
"2024-05-18 20:30:00","RD","MC",0.26,2.122,96.45,20.3,450,440,2
"2024-05-18 20:45:00","RD","MC",0.24,2.124,96.45,20.2,450,440,0
"2024-05-18 21:00:00","RD","MC",0.23,2.112,96.47,20,451,440,0
"2024-05-18 21:15:00","RD","MC",0.14,2.154,96.48,19.7,452,440,0
"2024-05-18 21:30:00","RD","MC",0.1,2.155,96.49,19.4,454,442,0
"2024-05-18 21:45:00","RD","MC",0.06,2.147,96.5,19.1,453,442,0
"2024-05-18 22:00:00","RD","MC",0.05,2.134,96.52,18.9,453,442,0
"2024-05-18 22:15:00","RD","MC",0.04,2.12,96.54,18.8,455,443,0
"2024-05-18 22:30:00","RD","MC",0.04,2.086,96.56,18.5,455,444,0
"2024-05-18 22:45:00","RD","MC",0.03,2.054,96.57,18.2,458,447,0
"2024-05-18 23:00:00","RD","MC",0.03,2.024,96.59,17.9,459,448,0
"2024-05-18 23:15:00","RD","MC",0.02,1.997,96.59,17.7,461,449,0
"2024-05-18 23:30:00","RD","MC",0.02,1.97,96.59,17.5,465,451,0
"2024-05-18 23:45:00","RD","MC",0.02,1.971,96.59,17.5,468,452,0
"2024-05-19","RD","MC",0.03,1.952,96.59,17.3,470,453,0
"2024-05-19 00:15:00","RD","MC",0.02,1.924,96.59,17.1,473,455,0
"2024-05-19 00:30:00","RD","MC",0.02,1.924,96.6,17.1,475,456,0
"2024-05-19 00:45:00","RD","MC",0.02,1.9,96.61,16.9,478,457,0
"2024-05-19 01:00:00","RD","MC",0.02,1.881,96.62,16.7,484,458,0
"2024-05-19 01:15:00","RD","MC",0.02,1.847,96.63,16.4,487,459,0
"2024-05-19 01:30:00","RD","MC",0.02,1.832,96.63,16.3,492,460,0
"2024-05-19 01:45:00","RD","MC",0.02,1.798,96.62,16,514,461,0
"2024-05-19 02:00:00","RD","MC",0.02,1.785,96.62,15.9,537,462,0
"2024-05-19 02:15:00","RD","MC",0.02,1.769,96.61,15.8,577,463,0
"2024-05-19 02:30:00","RD","MC",0.02,1.761,96.61,15.7,588,464,0
"2024-05-19 02:45:00","RD","MC",0.02,1.752,96.61,15.6,592,465,0
"2024-05-19 03:00:00","RD","MC",0.02,1.738,96.61,15.5,598,466,0
"2024-05-19 03:15:00","RD","MC",0.02,1.732,96.6,15.4,607,467,0
"2024-05-19 03:30:00","RD","MC",0.02,1.722,96.6,15.4,613,468,0
"2024-05-19 03:45:00","RD","MC",0.02,1.711,96.61,15.3,625,469,0
"2024-05-19 04:00:00","RD","MC",0.02,1.7,96.62,15.2,631,470,0
"2024-05-19 04:15:00","RD","MC",0.02,1.685,96.62,15,634,471,0
"2024-05-19 04:30:00","RD","MC",0.02,1.703,96.63,15.2,635,472,0
"2024-05-19 04:45:00","RD","MC",0.02,1.737,96.63,15.5,635,471,0
"2024-05-19 05:00:00","RD","MC",0.02,1.751,96.64,15.6,634,471,0
"2024-05-19 05:15:00","RD","MC",0.02,1.762,96.64,15.7,632,471,0
"2024-05-19 05:30:00","RD","MC",0.02,1.773,96.65,15.8,632,469,0
"2024-05-19 05:45:00","RD","MC",0.02,1.725,96.67,15.4,633,470,0
"2024-05-19 06:00:00","RD","MC",0.02,1.696,96.68,15.1,636,470,0
"2024-05-19 06:15:00","RD","MC",0.02,1.664,96.69,14.8,638,471,0
"2024-05-19 06:30:00","RD","MC",0.02,1.676,96.71,14.9,640,471,0
"2024-05-19 06:45:00","RD","MC",0.02,1.663,96.74,14.8,640,471,5.3
"2024-05-19 07:00:00","RD","MC",0.02,1.623,96.77,14.4,640,471,10.6
"2024-05-19 07:15:00","RD","MC",0.02,1.635,96.79,14.6,638,470,15.7
"2024-05-19 07:30:00","RD","MC",0.02,1.645,96.81,14.6,636,468,21.4
"2024-05-19 07:45:00","RD","MC",0.02,1.674,96.82,14.9,631,465,28
"2024-05-19 08:00:00","RD","MC",0.02,1.707,96.83,15.2,625,460,35.5
"2024-05-19 08:15:00","RD","MC",0.02,1.744,96.84,15.5,616,454,44.7
"2024-05-19 08:30:00","RD","MC",0.02,1.803,96.85,16.1,602,445,56.6
"2024-05-19 08:45:00","RD","MC",0.02,1.865,96.85,16.6,566,443,69
"2024-05-19 09:00:00","RD","MC",0.02,1.934,96.86,17.2,527,441,110.4
"2024-05-19 09:15:00","RD","MC",0.02,2.038,96.86,18,478,441,102.4
"2024-05-19 09:30:00","RD","MC",0.03,2.17,96.87,19,451,440,117.7
"2024-05-19 09:45:00","RD","MC",0.1,2.305,96.87,20.5,450,439,141.9
"2024-05-19 10:00:00","RD","MC",0.29,2.247,96.88,21.3,450,439,147.9
"2024-05-19 10:15:00","RD","MC",0.32,2.265,96.88,21.6,446,438,152.9
"2024-05-19 10:30:00","RD","MC",0.42,2.26,96.88,22.2,445,437,276.9
"2024-05-19 10:45:00","RD","MC",0.47,2.216,96.88,22.3,446,437,312
"2024-05-19 11:00:00","RD","MC",0.59,2.165,96.88,22.7,447,436,203.6
"2024-05-19 11:15:00","RD","MC",0.63,2.173,96.89,23,446,437,421.5
"2024-05-19 11:30:00","RD","MC",0.69,2.174,96.9,23.4,447,437,175.6
"2024-05-19 11:45:00","RD","MC",0.78,2.081,96.9,23.3,446,437,167.5
"2024-05-19 12:00:00","RD","MC",0.94,2.058,96.9,24.1,446,436,261.3
"2024-05-19 12:15:00","RD","MC",0.98,1.974,96.9,23.8,446,436,128.5
"2024-05-19 12:30:00","RD","MC",1.11,1.985,96.9,24.6,445,435,171.8
"2024-05-19 12:45:00","RD","MC",1.22,1.961,96.89,25.1,445,435,201.4
"2024-05-19 13:00:00","RD","MC",1.24,1.889,96.89,24.8,445,435,193.7
"2024-05-19 13:15:00","RD","MC",1.23,1.838,96.88,24.5,445,434,153.3
"2024-05-19 13:30:00","RD","MC",1.4,1.803,96.86,25.2,444,435,278.9
"2024-05-19 13:45:00","RD","MC",1.38,1.796,96.85,25.1,444,435,148.9
"2024-05-19 14:00:00","RD","MC",1.54,1.783,96.85,25.8,443,434,286.2
"2024-05-19 14:15:00","RD","MC",1.52,1.759,96.85,25.6,444,435,99.2
"2024-05-19 14:30:00","RD","MC",1.54,1.774,96.84,25.8,443,434,160.8
"2024-05-19 14:45:00","RD","MC",1.67,1.757,96.84,26.3,443,434,160.4
"2024-05-19 15:00:00","RD","MC",1.61,1.729,96.83,25.9,444,435,94.5
"2024-05-19 15:15:00","RD","MC",1.64,1.762,96.82,26.2,443,434,142.8
"2024-05-19 15:30:00","RD","MC",1.65,1.738,96.82,26.2,443,434,118.1
"2024-05-19 15:45:00","RD","MC",1.61,1.795,96.81,26.2,444,434,73.6
"2024-05-19 16:00:00","RD","MC",1.45,1.815,96.79,25.5,444,435,75.3
"2024-05-19 16:15:00","RD","MC",1.44,1.877,96.78,25.8,443,434,129.8
"2024-05-19 16:30:00","RD","MC",1.66,1.83,96.76,26.6,443,434,129.5
"2024-05-19 16:45:00","RD","MC",1.68,1.871,96.75,26.9,443,434,122.7
"2024-05-19 17:00:00","RD","MC",1.69,1.808,96.75,26.7,443,434,155.1
"2024-05-19 17:15:00","RD","MC",1.67,1.792,96.74,26.5,443,434,121.4
"2024-05-19 17:30:00","RD","MC",1.66,1.811,96.74,26.6,443,433,110.4
"2024-05-19 17:45:00","RD","MC",1.68,1.834,96.74,26.8,443,434,108.2
"2024-05-19 18:00:00","RD","MC",1.62,1.859,96.73,26.6,443,434,148.9
"2024-05-19 18:15:00","RD","MC",1.63,1.856,96.73,26.6,443,434,76.9
"2024-05-19 18:30:00","RD","MC",1.6,1.865,96.73,26.5,444,434,65.6
"2024-05-19 18:45:00","RD","MC",1.57,1.856,96.71,26.3,444,434,60.1
"2024-05-19 19:00:00","RD","MC",1.53,1.845,96.71,26.1,444,434,51.6
"2024-05-19 19:15:00","RD","MC",1.53,1.809,96.72,25.9,443,434,50.5
"2024-05-19 19:30:00","RD","MC",1.51,1.808,96.73,25.8,444,435,47.4
"2024-05-19 19:45:00","RD","MC",1.37,1.889,96.74,25.5,444,435,30.9
"2024-05-19 20:00:00","RD","MC",1.29,1.892,96.75,25.1,444,435,26.7
"2024-05-19 20:15:00","RD","MC",1.31,1.827,96.76,24.8,444,435,19.2
"2024-05-19 20:30:00","RD","MC",1.18,1.856,96.76,24.3,445,436,9.5
"2024-05-19 20:45:00","RD","MC",1.04,1.884,96.77,23.7,445,436,0
"2024-05-19 21:00:00","RD","MC",0.95,1.881,96.77,23.1,445,436,0
"2024-05-19 21:15:00","RD","MC",0.89,1.867,96.77,22.7,446,436,0
"2024-05-19 21:30:00","RD","MC",0.71,1.91,96.78,21.8,446,437,0
"2024-05-19 21:45:00","RD","MC",0.61,1.885,96.79,21.1,447,437,0
"2024-05-19 22:00:00","RD","MC",0.59,1.86,96.81,20.8,447,438,0
"2024-05-19 22:15:00","RD","MC",0.54,1.839,96.84,20.3,447,438,0
"2024-05-19 22:30:00","RD","MC",0.52,1.844,96.86,20.2,447,438,0
"2024-05-19 22:45:00","RD","MC",0.52,1.82,96.87,20,447,438,0
"2024-05-19 23:00:00","RD","MC",0.49,1.847,96.88,20,447,438,0
"2024-05-19 23:15:00","RD","MC",0.47,1.826,96.89,19.7,448,438,0
"2024-05-19 23:30:00","RD","MC",0.37,1.842,96.9,19.1,448,439,0
"2024-05-19 23:45:00","RD","MC",0.29,1.859,96.9,18.6,449,439,0
"2024-05-20","RD","MC",0.29,1.849,96.89,18.6,449,439,0
"2024-05-20 00:15:00","RD","MC",0.29,1.822,96.87,18.4,449,439,0
"2024-05-20 00:30:00","RD","MC",0.25,1.815,96.88,18,449,439,0
"2024-05-20 00:45:00","RD","MC",0.2,1.814,96.88,17.6,450,440,0
"2024-05-20 01:00:00","RD","MC",0.18,1.822,96.89,17.5,450,440,0
"2024-05-20 01:15:00","RD","MC",0.18,1.802,96.88,17.3,450,440,0
"2024-05-20 01:30:00","RD","MC",0.17,1.794,96.87,17.2,450,440,0
"2024-05-20 01:45:00","RD","MC",0.16,1.793,96.86,17.1,450,440,0
"2024-05-20 02:00:00","RD","MC",0.16,1.781,96.85,17,451,440,0
"2024-05-20 02:15:00","RD","MC",0.12,1.765,96.84,16.6,451,440,0
"2024-05-20 02:30:00","RD","MC",0.1,1.763,96.84,16.4,452,441,0
"2024-05-20 02:45:00","RD","MC",0.08,1.75,96.83,16.1,453,441,0
"2024-05-20 03:00:00","RD","MC",0.07,1.751,96.81,16,453,441,0
"2024-05-20 03:15:00","RD","MC",0.06,1.742,96.79,15.9,453,441,0
"2024-05-20 03:30:00","RD","MC",0.06,1.731,96.78,15.7,453,442,0
"2024-05-20 03:45:00","RD","MC",0.05,1.725,96.77,15.6,453,441,0
"2024-05-20 04:00:00","RD","MC",0.04,1.722,96.77,15.6,454,442,0
"2024-05-20 04:15:00","RD","MC",0.04,1.708,96.77,15.4,454,442,0
"2024-05-20 04:30:00","RD","MC",0.04,1.732,96.79,15.6,454,442,0
"2024-05-20 04:45:00","RD","MC",0.03,1.726,96.8,15.5,454,443,0
"2024-05-20 05:00:00","RD","MC",0.03,1.7,96.81,15.2,455,444,0
"2024-05-20 05:15:00","RD","MC",0.03,1.688,96.82,15.1,455,443,0
"2024-05-20 05:30:00","RD","MC",0.03,1.691,96.82,15.1,456,444,0
"2024-05-20 05:45:00","RD","MC",0.02,1.685,96.82,15,457,444,0
"2024-05-20 06:00:00","RD","MC",0.02,1.67,96.83,14.9,458,444,0
"2024-05-20 06:15:00","RD","MC",0.02,1.656,96.83,14.8,458,444,0
"2024-05-20 06:30:00","RD","MC",0.02,1.647,96.85,14.7,458,444,0
"2024-05-20 06:45:00","RD","MC",0.02,1.64,96.85,14.6,457,444,6.4
"2024-05-20 07:00:00","RD","MC",0.02,1.632,96.86,14.5,456,444,11.2
"2024-05-20 07:15:00","RD","MC",0.02,1.641,96.87,14.6,455,443,16.7
"2024-05-20 07:30:00","RD","MC",0.02,1.667,96.88,14.8,454,443,22.2
"2024-05-20 07:45:00","RD","MC",0.02,1.691,96.9,15.1,453,441,30.2
"2024-05-20 08:00:00","RD","MC",0.02,1.737,96.92,15.5,453,441,37
"2024-05-20 08:15:00","RD","MC",0.02,1.78,96.95,15.9,452,441,48
"2024-05-20 08:30:00","RD","MC",0.02,1.853,96.95,16.5,451,440,66.5
"2024-05-20 08:45:00","RD","MC",0.09,1.882,96.95,17.2,450,440,69.6
"2024-05-20 09:00:00","RD","MC",0.17,1.918,96.95,18.2,450,439,96.7
"2024-05-20 09:15:00","RD","MC",0.21,1.993,96.97,19.1,448,439,105.7
"2024-05-20 09:30:00","RD","MC",0.3,2.047,96.98,20.1,449,438,120.8
"2024-05-20 09:45:00","RD","MC",0.39,2.115,96.98,21.1,449,438,141.9
"2024-05-20 10:00:00","RD","MC",0.5,2.121,96.99,21.9,448,437,149.6
"2024-05-20 10:15:00","RD","MC",0.62,2.105,96.99,22.5,444,437,156
"2024-05-20 10:30:00","RD","MC",0.73,2.147,96.98,23.4,444,435,280.5
"2024-05-20 10:45:00","RD","MC",0.9,2.14,96.97,24.3,444,435,308
"2024-05-20 11:00:00","RD","MC",1.11,2.122,96.97,25.4,445,434,213.3
"2024-05-20 11:15:00","RD","MC",1.24,2.09,96.98,25.8,443,435,412.9
"2024-05-20 11:30:00","RD","MC",1.3,2.053,96.99,26,444,435,181.5
"2024-05-20 11:45:00","RD","MC",1.42,2.028,96.98,26.5,444,434,163.1
"2024-05-20 12:00:00","RD","MC",1.58,1.975,96.98,27,444,434,250.9
"2024-05-20 12:15:00","RD","MC",1.79,1.815,96.98,27.2,443,434,148.5
"2024-05-20 12:30:00","RD","MC",1.93,1.718,96.99,27.4,443,433,173.6
"2024-05-20 12:45:00","RD","MC",2.14,1.576,96.98,27.7,441,432,212.8
"2024-05-20 13:00:00","RD","MC",2.14,1.598,96.96,27.8,442,433,223.6
"2024-05-20 13:15:00","RD","MC",2.22,1.617,96.94,28.3,442,432,169.6
"2024-05-20 13:30:00","RD","MC",2.24,1.572,96.92,28.2,442,433,366.4
"2024-05-20 13:45:00","RD","MC",2.22,1.57,96.91,28.1,441,433,209.8
"2024-05-20 14:00:00","RD","MC",2.4,1.438,96.89,28.3,441,432,279.2
"2024-05-20 14:15:00","RD","MC",2.37,1.4,96.88,28,441,432,132.2
"2024-05-20 14:30:00","RD","MC",2.2,1.551,96.87,27.9,441,432,138.6
"2024-05-20 14:45:00","RD","MC",2.43,1.466,96.85,28.5,440,432,160
"2024-05-20 15:00:00","RD","MC",2.38,1.544,96.84,28.6,441,432,131.3
"2024-05-20 15:15:00","RD","MC",2.35,1.538,96.82,28.5,441,432,154
"2024-05-20 15:30:00","RD","MC",2.44,1.517,96.81,28.8,440,432,146.7
"2024-05-20 15:45:00","RD","MC",2.4,1.524,96.79,28.6,440,428,142.1
"2024-05-20 16:00:00","RD","MC",2.45,1.548,96.78,29,440,431,150.3
"2024-05-20 16:15:00","RD","MC",2.55,1.505,96.77,29.2,440,431,152.2
"2024-05-20 16:30:00","RD","MC",2.56,1.51,96.76,29.3,440,431,143.6
"2024-05-20 16:45:00","RD","MC",2.53,1.604,96.76,29.5,440,431,140.6
"2024-05-20 17:00:00","RD","MC",2.54,1.527,96.75,29.2,439,432,119.6
"2024-05-20 17:15:00","RD","MC",2.38,1.518,96.73,28.5,440,432,111
"2024-05-20 17:30:00","RD","MC",2.3,1.552,96.73,28.4,440,431,110
"2024-05-20 17:45:00","RD","MC",2.33,1.528,96.72,28.4,440,432,126.9
"2024-05-20 18:00:00","RD","MC",2.34,1.451,96.72,28,441,432,111.1
"2024-05-20 18:15:00","RD","MC",2.26,1.528,96.71,28,441,432,72.3
"2024-05-20 18:30:00","RD","MC",2.23,1.503,96.69,27.8,441,432,60.1
"2024-05-20 18:45:00","RD","MC",2.16,1.522,96.7,27.6,441,433,52.9
"2024-05-20 19:00:00","RD","MC",2.03,1.616,96.7,27.4,442,433,50.2
"2024-05-20 19:15:00","RD","MC",1.79,1.801,96.7,27.1,442,433,59.1
"2024-05-20 19:30:00","RD","MC",1.57,1.973,96.71,26.9,443,434,43
"2024-05-20 19:45:00","RD","MC",1.55,1.841,96.71,26.2,443,434,20.9
"2024-05-20 20:00:00","RD","MC",1.52,1.722,96.72,25.4,443,434,12.3
"2024-05-20 20:15:00","RD","MC",1.33,1.815,96.73,24.9,444,435,8.4
"2024-05-20 20:30:00","RD","MC",1.22,1.851,96.73,24.5,444,435,4.4
"2024-05-20 20:45:00","RD","MC",1.16,1.844,96.73,24.1,444,435,0
"2024-05-20 21:00:00","RD","MC",1.03,1.872,96.73,23.5,444,435,0
"2024-05-20 21:15:00","RD","MC",0.97,1.841,96.73,23,445,436,0
"2024-05-20 21:30:00","RD","MC",0.85,1.839,96.73,22.3,445,436,0
"2024-05-20 21:45:00","RD","MC",0.77,1.822,96.75,21.7,445,436,0
"2024-05-20 22:00:00","RD","MC",0.79,1.798,96.76,21.6,445,436,0
"2024-05-20 22:15:00","RD","MC",0.81,1.764,96.77,21.6,445,436,0
"2024-05-20 22:30:00","RD","MC",0.75,1.778,96.79,21.3,446,436,0
"2024-05-20 22:45:00","RD","MC",0.7,1.777,96.81,21,446,437,0
"2024-05-20 23:00:00","RD","MC",0.65,1.776,96.81,20.6,446,437,0
"2024-05-20 23:15:00","RD","MC",0.65,1.76,96.8,20.5,446,437,0
"2024-05-20 23:30:00","RD","MC",0.61,1.755,96.8,20.2,446,437,0
"2024-05-20 23:45:00","RD","MC",0.56,1.754,96.8,19.8,446,437,0
"2024-05-21","RD","MC",0.5,1.756,96.8,19.4,447,437,0
"2024-05-21 00:15:00","RD","MC",0.47,1.755,96.79,19.2,447,438,0
"2024-05-21 00:30:00","RD","MC",0.47,1.725,96.8,19,447,438,0
"2024-05-21 00:45:00","RD","MC",0.47,1.728,96.79,19,447,438,0
"2024-05-21 01:00:00","RD","MC",0.45,1.723,96.78,18.8,447,438,0
"2024-05-21 01:15:00","RD","MC",0.42,1.724,96.78,18.6,447,438,0
"2024-05-21 01:30:00","RD","MC",0.37,1.736,96.78,18.4,447,438,0
"2024-05-21 01:45:00","RD","MC",0.35,1.735,96.77,18.2,448,438,0
"2024-05-21 02:00:00","RD","MC",0.34,1.712,96.76,17.9,448,438,0
"2024-05-21 02:15:00","RD","MC",0.33,1.71,96.75,17.8,448,438,0
"2024-05-21 02:30:00","RD","MC",0.29,1.713,96.75,17.6,448,439,0
"2024-05-21 02:45:00","RD","MC",0.26,1.709,96.75,17.2,448,439,0
"2024-05-21 03:00:00","RD","MC",0.26,1.703,96.75,17.2,448,439,0
"2024-05-21 03:15:00","RD","MC",0.25,1.705,96.75,17.1,449,439,0
"2024-05-21 03:30:00","RD","MC",0.23,1.708,96.75,17,449,439,0
"2024-05-21 03:45:00","RD","MC",0.21,1.71,96.76,16.9,449,439,0
"2024-05-21 04:00:00","RD","MC",0.21,1.707,96.75,16.8,449,439,0
"2024-05-21 04:15:00","RD","MC",0.22,1.695,96.76,16.8,449,439,0
"2024-05-21 04:30:00","RD","MC",0.21,1.679,96.76,16.6,449,439,0
"2024-05-21 04:45:00","RD","MC",0.2,1.682,96.75,16.6,449,439,0
"2024-05-21 05:00:00","RD","MC",0.18,1.673,96.77,16.3,450,440,0
"2024-05-21 05:15:00","RD","MC",0.13,1.669,96.79,15.8,451,440,0
"2024-05-21 05:30:00","RD","MC",0.1,1.701,96.8,15.8,451,440,0
"2024-05-21 05:45:00","RD","MC",0.1,1.705,96.8,15.9,450,440,0
"2024-05-21 06:00:00","RD","MC",0.11,1.692,96.81,15.9,450,440,0
"2024-05-21 06:15:00","RD","MC",0.12,1.687,96.8,15.9,451,440,0
"2024-05-21 06:30:00","RD","MC",0.12,1.674,96.81,15.8,450,440,0
"2024-05-21 06:45:00","RD","MC",0.12,1.668,96.81,15.8,450,440,4.6
"2024-05-21 07:00:00","RD","MC",0.12,1.67,96.83,15.8,450,440,15.4
"2024-05-21 07:15:00","RD","MC",0.14,1.69,96.84,16.1,450,439,27.3
"2024-05-21 07:30:00","RD","MC",0.17,1.731,96.85,16.7,449,439,47.6
"2024-05-21 07:45:00","RD","MC",0.22,1.774,96.86,17.4,449,439,51.3
"2024-05-21 08:00:00","RD","MC",0.27,1.78,96.86,17.9,449,439,45.4
"2024-05-21 08:15:00","RD","MC",0.3,1.766,96.88,18,449,439,36.8
"2024-05-21 08:30:00","RD","MC",0.32,1.789,96.89,18.3,449,438,37.7
"2024-05-21 08:45:00","RD","MC",0.35,1.832,96.9,18.9,448,438,60.6
"2024-05-21 09:00:00","RD","MC",0.41,1.87,96.9,19.6,448,438,71.2
"2024-05-21 09:15:00","RD","MC",0.43,1.924,96.91,20.1,447,438,71.8
"2024-05-21 09:30:00","RD","MC",0.51,1.985,96.91,21.1,447,437,125.4
"2024-05-21 09:45:00","RD","MC",0.65,2.05,96.91,22.3,447,436,150.9
"2024-05-21 10:00:00","RD","MC",0.69,2.047,96.92,22.6,447,437,90.5
"2024-05-21 10:15:00","RD","MC",0.69,2.055,96.92,22.6,447,437,117.6
"2024-05-21 10:30:00","RD","MC",0.74,2.141,96.91,23.4,445,436,228.9
"2024-05-21 10:45:00","RD","MC",0.82,2.131,96.92,23.8,446,436,121
"2024-05-21 11:00:00","RD","MC",0.86,2.111,96.92,23.9,446,435,201.4
"2024-05-21 11:15:00","RD","MC",0.99,2.196,96.91,25.1,444,435,387.8
"2024-05-21 11:30:00","RD","MC",1.11,2.191,96.91,25.7,444,435,206.9
"2024-05-21 11:45:00","RD","MC",1.18,2.194,96.89,26,444,435,184.2
"2024-05-21 12:00:00","RD","MC",1.25,2.207,96.89,26.5,445,434,278.1
"2024-05-21 12:15:00","RD","MC",1.36,2.163,96.88,26.8,444,434,152.3
"2024-05-21 12:30:00","RD","MC",1.42,2.108,96.88,26.8,444,434,152.3
"2024-05-21 12:45:00","RD","MC",1.47,2.091,96.86,27,444,433,164.6
"2024-05-21 13:00:00","RD","MC",1.56,2.06,96.84,27.3,444,434,224.1
"2024-05-21 13:15:00","RD","MC",1.45,2.147,96.83,27.2,444,434,153.8
"2024-05-21 13:30:00","RD","MC",1.72,2.002,96.81,27.8,443,433,277
"2024-05-21 13:45:00","RD","MC",1.91,1.938,96.8,28.3,443,433,210.4
"2024-05-21 14:00:00","RD","MC",1.94,1.94,96.8,28.5,442,433,280.7
"2024-05-21 14:15:00","RD","MC",1.98,1.941,96.79,28.6,443,433,145.4
"2024-05-21 14:30:00","RD","MC",1.93,1.971,96.77,28.5,443,433,123.4
"2024-05-21 14:45:00","RD","MC",1.99,1.973,96.76,28.8,443,433,131.1
"2024-05-21 15:00:00","RD","MC",2.14,1.943,96.77,29.4,442,433,150
"2024-05-21 15:15:00","RD","MC",1.98,1.846,96.79,28.2,443,433,80.2
"2024-05-21 15:30:00","RD","MC",1.97,1.937,96.77,28.6,442,433,160.8
"2024-05-21 15:45:00","RD","MC",2.07,1.96,96.77,29.1,442,431,130.4
"2024-05-21 16:00:00","RD","MC",2.11,1.914,96.75,29.1,442,432,148.3
"2024-05-21 16:15:00","RD","MC",2.01,1.904,96.73,28.6,442,433,107.8
"2024-05-16 04:45:00","RD","UC",0,1.847,96.15,16.3,505,453,0
"2024-05-16 05:00:00","RD","UC",0,1.845,96.17,16.2,544,454,0
"2024-05-16 05:15:00","RD","UC",0,1.844,96.17,16.2,544,454,0
"2024-05-16 05:30:00","RD","UC",0,1.841,96.18,16.2,668,456,0
"2024-05-16 05:45:00","RD","UC",0,1.843,96.2,16.2,672,457,0
"2024-05-16 06:00:00","RD","UC",0,1.845,96.2,16.2,668,457,0
"2024-05-16 06:15:00","RD","UC",0,1.847,96.21,16.3,662,457,0
"2024-05-16 06:30:00","RD","UC",0,1.847,96.23,16.3,658,456,0
"2024-05-16 06:45:00","RD","UC",0,1.848,96.23,16.3,653,456,0
"2024-05-16 07:00:00","RD","UC",0,1.853,96.23,16.3,648,455,8.8
"2024-05-16 07:15:00","RD","UC",0,1.858,96.22,16.4,643,455,13.5
"2024-05-16 07:30:00","RD","UC",0,1.857,96.23,16.3,633,454,28.9
"2024-05-16 07:45:00","RD","UC",0,1.867,96.26,16.4,617,453,31.5
"2024-05-16 08:00:00","RD","UC",0,1.874,96.3,16.5,595,452,28.6
"2024-05-16 08:15:00","RD","UC",0,1.891,96.31,16.6,570,452,47.2
"2024-05-16 08:30:00","RD","UC",0,1.934,96.31,17,547,451,57.7
"2024-05-16 08:45:00","RD","UC",0,1.958,96.33,17.2,515,451,61.3
"2024-05-16 09:00:00","RD","UC",0,1.982,96.32,17.4,484,450,92.8
"2024-05-16 09:15:00","RD","UC",0,2.042,96.31,17.8,462,450,101.3
"2024-05-16 09:30:00","RD","UC",0.03,2.036,96.31,18,456,450,115.2
"2024-05-16 09:45:00","RD","UC",0.1,2.032,96.31,18.5,453,449,142.5
"2024-05-16 10:00:00","RD","UC",0.15,2.004,96.32,18.7,452,449,163.9
"2024-05-16 10:15:00","RD","UC",0.17,2.005,96.33,18.8,452,449,173
"2024-05-16 10:30:00","RD","UC",0.18,2.012,96.34,19,452,449,154.4
"2024-05-16 10:45:00","RD","UC",0.2,2.037,96.35,19.3,452,448,186.6
"2024-05-16 11:00:00","RD","UC",0.27,2.065,96.34,20,451,448,414.6
"2024-05-16 11:15:00","RD","UC",0.37,2.072,96.35,20.7,451,448,345.7
"2024-05-16 11:30:00","RD","UC",0.42,2.065,96.34,21,451,448,282.9
"2024-05-16 11:45:00","RD","UC",0.42,2.104,96.35,21.3,450,447,234
"2024-05-16 12:00:00","RD","UC",0.42,2.038,96.35,20.8,450,448,628.2
"2024-05-16 12:15:00","RD","UC",0.51,2.102,96.35,21.8,450,447,473
"2024-05-16 12:30:00","RD","UC",0.57,1.981,96.36,21.4,450,447,204.7
"2024-05-16 12:45:00","RD","UC",0.54,1.945,96.35,21,450,447,195.9
"2024-05-16 13:00:00","RD","UC",0.59,2.062,96.34,22,448,446,545.5
"2024-05-16 13:15:00","RD","UC",0.69,1.999,96.35,22.3,449,447,202.9
"2024-05-16 13:30:00","RD","UC",0.59,2.029,96.36,21.9,446,446,380.5
"2024-05-16 13:45:00","RD","UC",0.82,2.011,96.35,23.1,447,446,379.4
"2024-05-16 14:00:00","RD","UC",0.83,2.077,96.34,23.6,445,446,627.9
"2024-05-16 14:15:00","RD","UC",0.95,2.099,96.33,24.4,443,445,992.8
"2024-05-16 14:30:00","RD","UC",1.02,1.99,96.36,24.1,447,445,330.7
"2024-05-16 14:45:00","RD","UC",0.93,1.895,96.38,23.1,447,445,251.4
"2024-05-16 15:00:00","RD","UC",0.94,1.925,96.38,23.3,447,445,250.1
"2024-05-16 15:15:00","RD","UC",0.87,1.978,96.38,23.3,446,445,297
"2024-05-16 15:30:00","RD","UC",0.89,1.969,96.39,23.3,446,445,426.6
"2024-05-16 15:45:00","RD","UC",1.06,2.001,96.37,24.4,444,444,720
"2024-05-16 16:00:00","RD","UC",1.07,1.93,96.35,24.1,446,445,497.9
"2024-05-16 16:15:00","RD","UC",1.11,1.996,96.34,24.7,444,444,430.8
"2024-05-16 16:30:00","RD","UC",1.01,1.948,96.34,23.9,447,445,202.7
"2024-05-16 16:45:00","RD","UC",0.84,1.965,96.36,23,447,445,169.6
"2024-05-16 17:00:00","RD","UC",0.96,2.018,96.33,24,443,444,266.4
"2024-05-16 17:15:00","RD","UC",1.02,2.004,96.33,24.2,446,444,150.3
"2024-05-16 17:30:00","RD","UC",0.84,1.971,96.37,23,447,445,99.6
"2024-05-16 17:45:00","RD","UC",0.87,1.964,96.37,23.2,447,445,376.8
"2024-05-16 18:00:00","RD","UC",1.01,2.018,96.35,24.2,446,445,425.5
"2024-05-16 18:15:00","RD","UC",0.98,1.998,96.36,24,447,445,259.5
"2024-05-16 18:30:00","RD","UC",0.93,1.973,96.35,23.6,447,445,155.3
"2024-05-16 18:45:00","RD","UC",0.98,2.003,96.34,24,447,445,116.6
"2024-05-16 19:00:00","RD","UC",1,2.018,96.32,24.2,447,445,91
"2024-05-16 19:15:00","RD","UC",0.97,2.008,96.31,24,447,445,109.7
"2024-05-16 19:30:00","RD","UC",0.93,1.954,96.31,23.4,447,444,122.5
"2024-05-16 19:45:00","RD","UC",0.94,1.96,96.33,23.5,447,445,44.3
"2024-05-16 20:00:00","RD","UC",0.91,1.916,96.33,23.1,448,446,22
"2024-05-16 20:15:00","RD","UC",0.75,2.009,96.33,22.7,448,445,27.8
"2024-05-16 20:30:00","RD","UC",0.69,1.968,96.31,22.1,449,446,7.9
"2024-05-16 20:45:00","RD","UC",0.6,1.994,96.29,21.7,449,446,0
"2024-05-16 21:00:00","RD","UC",0.46,1.99,96.3,20.8,450,447,0
"2024-05-16 21:15:00","RD","UC",0.39,1.988,96.3,20.3,450,447,0
"2024-05-16 21:30:00","RD","UC",0.37,1.989,96.31,20.2,450,447,0
"2024-05-16 21:45:00","RD","UC",0.35,1.982,96.31,19.9,451,447,0
"2024-05-16 22:00:00","RD","UC",0.28,1.983,96.31,19.5,451,448,0
"2024-05-16 22:15:00","RD","UC",0.29,1.979,96.3,19.5,451,448,0
"2024-05-16 22:30:00","RD","UC",0.26,1.962,96.3,19.2,452,448,0
"2024-05-16 22:45:00","RD","UC",0.24,1.945,96.32,18.9,451,448,0
"2024-05-16 23:00:00","RD","UC",0.23,1.942,96.34,18.8,452,448,0
"2024-05-16 23:15:00","RD","UC",0.18,1.936,96.35,18.4,452,448,0
"2024-05-16 23:30:00","RD","UC",0.14,1.941,96.37,18.1,452,449,0
"2024-05-16 23:45:00","RD","UC",0.14,1.932,96.39,18.1,452,449,0
"2024-05-17","RD","UC",0.15,1.924,96.38,18.1,452,449,0
"2024-05-17 00:15:00","RD","UC",0.12,1.926,96.4,17.9,452,449,0
"2024-05-17 00:30:00","RD","UC",0.11,1.925,96.41,17.8,452,449,0
"2024-05-17 00:45:00","RD","UC",0.11,1.928,96.41,17.8,452,449,0
"2024-05-17 01:00:00","RD","UC",0.1,1.923,96.41,17.7,452,449,0
"2024-05-17 01:15:00","RD","UC",0.1,1.925,96.39,17.7,452,449,0
"2024-05-17 01:30:00","RD","UC",0.1,1.927,96.38,17.7,452,449,0
"2024-05-17 01:45:00","RD","UC",0.12,1.936,96.35,17.9,452,449,0
"2024-05-17 02:00:00","RD","UC",0.13,1.927,96.33,18,452,449,0
"2024-05-17 02:15:00","RD","UC",0.12,1.912,96.31,17.8,452,449,0
"2024-05-17 02:30:00","RD","UC",0.1,1.901,96.29,17.5,452,449,0
"2024-05-17 02:45:00","RD","UC",0.08,1.899,96.28,17.4,452,449,0
"2024-05-17 03:00:00","RD","UC",0.08,1.894,96.27,17.3,453,449,0
"2024-05-17 03:15:00","RD","UC",0.07,1.902,96.26,17.3,453,450,0
"2024-05-17 03:30:00","RD","UC",0.07,1.884,96.27,17.2,453,450,0
"2024-05-17 03:45:00","RD","UC",0.06,1.873,96.27,17,453,450,0
"2024-05-17 04:00:00","RD","UC",0.05,1.868,96.26,16.8,453,450,0
"2024-05-17 04:15:00","RD","UC",0.04,1.862,96.26,16.7,453,450,0
"2024-05-17 04:30:00","RD","UC",0.02,1.861,96.26,16.6,453,450,0
"2024-05-17 04:45:00","RD","UC",0.01,1.873,96.27,16.6,453,450,0
"2024-05-17 05:00:00","RD","UC",0.01,1.864,96.26,16.5,454,450,0
"2024-05-17 05:15:00","RD","UC",0,1.88,96.25,16.6,454,450,0
"2024-05-17 05:30:00","RD","UC",0,1.867,96.27,16.4,464,451,0
"2024-05-17 05:45:00","RD","UC",0,1.852,96.3,16.3,464,451,0
"2024-05-17 06:00:00","RD","UC",0,1.846,96.33,16.2,461,451,0
"2024-05-17 06:15:00","RD","UC",0,1.851,96.33,16.3,460,451,0
"2024-05-17 06:30:00","RD","UC",0,1.847,96.34,16.2,460,451,0
"2024-05-17 06:45:00","RD","UC",0,1.837,96.35,16.2,461,451,0
"2024-05-17 07:00:00","RD","UC",0,1.839,96.38,16.2,460,451,7.1
"2024-05-17 07:15:00","RD","UC",0,1.84,96.41,16.2,458,451,11.9
"2024-05-17 07:30:00","RD","UC",0,1.838,96.44,16.2,458,451,14.8
"2024-05-17 07:45:00","RD","UC",0,1.842,96.46,16.2,497,451,17.9
"2024-05-17 08:00:00","RD","UC",0,1.859,96.47,16.4,530,451,27.1
"2024-05-17 08:15:00","RD","UC",0,1.864,96.49,16.4,544,452,27.8
"2024-05-17 08:30:00","RD","UC",0,1.87,96.5,16.4,600,452,25.6
"2024-05-17 08:45:00","RD","UC",0,1.869,96.51,16.4,752,454,22.3
"2024-05-17 09:00:00","RD","UC",0,1.877,96.51,16.5,795,455,16.8
"2024-05-17 09:15:00","RD","UC",0,1.87,96.51,16.5,745,459,15.7
"2024-05-17 09:30:00","RD","UC",0,1.863,96.52,16.4,761,463,24.5
"2024-05-17 09:45:00","RD","UC",0,1.875,96.52,16.5,715,464,26.6
"2024-05-17 10:00:00","RD","UC",0,1.893,96.51,16.6,744,463,43.2
"2024-05-17 10:15:00","RD","UC",0,1.939,96.5,17,717,462,99.1
"2024-05-17 10:30:00","RD","UC",0,1.987,96.5,17.4,683,463,102.5
"2024-05-17 10:45:00","RD","UC",0,2.035,96.5,17.8,620,463,111
"2024-05-17 11:00:00","RD","UC",0,2.058,96.49,18,574,463,123.2
"2024-05-17 11:15:00","RD","UC",0,2.093,96.49,18.2,547,462,190.1
"2024-05-17 11:30:00","RD","UC",0.01,2.148,96.51,18.7,527,461,171.4
"2024-05-17 11:45:00","RD","UC",0.05,2.168,96.53,19.2,507,461,162.2
"2024-05-17 12:00:00","RD","UC",0.08,2.196,96.53,19.6,512,461,126
"2024-05-17 12:15:00","RD","UC",0.09,2.203,96.49,19.7,740,464,167.7
"2024-05-17 12:30:00","RD","UC",0.07,2.267,96.48,20,642,463,182.7
"2024-05-17 12:45:00","RD","UC",0.11,2.222,96.49,20,561,462,154.5
"2024-05-17 13:00:00","RD","UC",0.15,2.181,96.49,20,542,461,112.1
"2024-05-17 13:15:00","RD","UC",0.14,2.214,96.48,20.1,583,461,131.3
"2024-05-17 13:30:00","RD","UC",0.14,2.269,96.48,20.5,740,463,122.1
"2024-05-17 13:45:00","RD","UC",0.13,2.235,96.46,20.2,720,463,158.6
"2024-05-17 14:00:00","RD","UC",0.1,2.285,96.45,20.4,706,462,227.4
"2024-05-17 14:15:00","RD","UC",0.15,2.306,96.43,20.8,707,462,154.7
"2024-05-17 14:30:00","RD","UC",0.12,2.272,96.41,20.4,655,461,131.8
"2024-05-17 14:45:00","RD","UC",0.11,2.274,96.39,20.3,589,460,143.2
"2024-05-17 15:00:00","RD","UC",0.13,2.301,96.37,20.6,566,459,189
"2024-05-17 15:15:00","RD","UC",0.15,2.301,96.36,20.8,561,458,139.2
"2024-05-17 15:30:00","RD","UC",0.13,2.251,96.34,20.3,664,458,142.5
"2024-05-17 15:45:00","RD","UC",0.13,2.254,96.33,20.3,712,458,122.1
"2024-05-17 16:00:00","RD","UC",0.12,2.206,96.29,19.9,800,460,118.3
"2024-05-17 16:15:00","RD","UC",0.08,2.264,96.28,20.1,734,466,152.7
"2024-05-17 16:30:00","RD","UC",0.09,2.295,96.28,20.4,649,465,117.9
"2024-05-17 16:45:00","RD","UC",0.11,2.234,96.29,20.1,627,464,44.5
"2024-05-17 17:00:00","RD","UC",0.06,2.194,96.29,19.4,603,464,44.1
"2024-05-17 17:15:00","RD","UC",0.04,2.218,96.3,19.5,648,465,62.1
"2024-05-17 17:30:00","RD","UC",0.03,2.229,96.27,19.4,604,465,64.5
"2024-05-17 17:45:00","RD","UC",0,2.22,96.25,19.2,594,464,65
"2024-05-17 18:00:00","RD","UC",0,2.236,96.26,19.3,553,464,55.7
"2024-05-17 18:15:00","RD","UC",0.01,2.202,96.26,19.1,532,463,23.4
"2024-05-17 18:30:00","RD","UC",0.02,2.169,96.25,18.9,689,465,18.1
"2024-05-17 18:45:00","RD","UC",0.02,2.159,96.24,18.8,847,467,35
"2024-05-17 19:00:00","RD","UC",0,2.161,96.23,18.8,747,470,24
"2024-05-17 19:15:00","RD","UC",0,2.15,96.23,18.7,947,475,9.7
"2024-05-17 19:30:00","RD","UC",0,2.132,96.24,18.5,765,479,10.8
"2024-05-17 19:45:00","RD","UC",0,2.048,96.25,17.9,892,485,7.5
"2024-05-17 20:00:00","RD","UC",0,2.001,96.26,17.5,887,486,3.1
"2024-05-17 20:15:00","RD","UC",0,1.973,96.26,17.3,816,508,0
"2024-05-17 20:30:00","RD","UC",0,1.954,96.25,17.1,767,507,0
"2024-05-17 20:45:00","RD","UC",0,1.927,96.27,16.9,732,507,0
"2024-05-17 21:00:00","RD","UC",0,1.915,96.26,16.8,704,508,0
"2024-05-17 21:15:00","RD","UC",0,1.904,96.26,16.7,688,510,0
"2024-05-17 21:30:00","RD","UC",0,1.903,96.27,16.7,677,511,0
"2024-05-17 21:45:00","RD","UC",0,1.891,96.28,16.6,697,506,0
"2024-05-17 22:00:00","RD","UC",0,1.886,96.29,16.6,707,507,0
"2024-05-17 22:15:00","RD","UC",0,1.887,96.31,16.6,714,507,0
"2024-05-17 22:30:00","RD","UC",0,1.886,96.33,16.6,681,507,0
"2024-05-17 22:45:00","RD","UC",0,1.884,96.34,16.6,669,508,0
"2024-05-17 23:00:00","RD","UC",0,1.883,96.34,16.6,837,512,0
"2024-05-17 23:15:00","RD","UC",0,1.891,96.36,16.6,835,544,0
"2024-05-17 23:30:00","RD","UC",0,1.886,96.35,16.6,750,534,0
"2024-05-17 23:45:00","RD","UC",0,1.882,96.35,16.6,732,543,0
"2024-05-18","RD","UC",0,1.881,96.34,16.5,702,541,0
"2024-05-18 00:15:00","RD","UC",0,1.878,96.34,16.5,754,533,0
"2024-05-18 00:30:00","RD","UC",0,1.882,96.34,16.6,743,529,0
"2024-05-18 00:45:00","RD","UC",0,1.877,96.33,16.5,714,538,0
"2024-05-18 01:00:00","RD","UC",0,1.878,96.3,16.5,778,535,0
"2024-05-18 01:15:00","RD","UC",0,1.881,96.3,16.5,721,534,0
"2024-05-18 01:30:00","RD","UC",0,1.881,96.29,16.6,703,538,0
"2024-05-18 01:45:00","RD","UC",0,1.878,96.29,16.5,691,539,0
"2024-05-18 02:00:00","RD","UC",0,1.879,96.29,16.5,827,543,0
"2024-05-18 02:15:00","RD","UC",0,1.884,96.27,16.6,949,553,0
"2024-05-18 02:30:00","RD","UC",0,1.883,96.27,16.6,779,571,0
"2024-05-18 02:45:00","RD","UC",0,1.887,96.27,16.6,808,565,0
"2024-05-18 03:00:00","RD","UC",0,1.887,96.27,16.6,784,584,0
"2024-05-18 03:15:00","RD","UC",0,1.886,96.27,16.6,752,560,0
"2024-05-18 03:30:00","RD","UC",0,1.884,96.27,16.6,951,566,0
"2024-05-18 03:45:00","RD","UC",0,1.888,96.28,16.6,733,569,0
"2024-05-18 04:00:00","RD","UC",0,1.892,96.28,16.6,712,568,0
"2024-05-18 04:15:00","RD","UC",0,1.891,96.27,16.6,712,568,0
"2024-05-18 04:30:00","RD","UC",0,1.887,96.29,16.6,788,569,0
"2024-05-18 04:45:00","RD","UC",0,1.884,96.3,16.6,733,569,0
"2024-05-18 05:00:00","RD","UC",0,1.888,96.32,16.6,808,570,0
"2024-05-18 05:15:00","RD","UC",0,1.891,96.34,16.6,929,604,0
"2024-05-18 05:30:00","RD","UC",0,1.889,96.33,16.6,915,602,0
"2024-05-18 05:45:00","RD","UC",0,1.89,96.33,16.6,767,599,0
"2024-05-18 06:00:00","RD","UC",0,1.89,96.33,16.6,733,596,0
"2024-05-18 06:15:00","RD","UC",0,1.891,96.34,16.6,712,600,0
"2024-05-18 06:30:00","RD","UC",0,1.89,96.35,16.6,707,602,0
"2024-05-18 06:45:00","RD","UC",0,1.892,96.36,16.6,769,600,5.5
"2024-05-18 07:00:00","RD","UC",0,1.9,96.37,16.7,739,593,4
"2024-05-18 07:15:00","RD","UC",0,1.897,96.39,16.7,713,600,12.5
"2024-05-18 07:30:00","RD","UC",0,1.896,96.41,16.7,708,593,9.9
"2024-05-18 07:45:00","RD","UC",0,1.902,96.43,16.7,707,599,13.7
"2024-05-18 08:00:00","RD","UC",0,1.909,96.45,16.8,668,592,20
"2024-05-18 08:15:00","RD","UC",0,1.931,96.47,17,641,596,30.8
"2024-05-18 08:30:00","RD","UC",0,1.928,96.47,16.9,706,592,35.5
"2024-05-18 08:45:00","RD","UC",0,1.938,96.48,17,680,591,43.2
"2024-05-18 09:00:00","RD","UC",0,1.961,96.48,17.2,642,568,86.4
"2024-05-18 09:15:00","RD","UC",0,1.979,96.48,17.4,623,572,61.2
"2024-05-18 09:30:00","RD","UC",0,1.96,96.47,17.2,614,575,43.9
"2024-05-18 09:45:00","RD","UC",0,1.983,96.48,17.4,617,565,97
"2024-05-18 10:00:00","RD","UC",0,2.006,96.49,17.6,594,559,111.5
"2024-05-18 10:15:00","RD","UC",0,2.013,96.51,17.6,575,551,93.6
"2024-05-18 10:30:00","RD","UC",0,2.02,96.49,17.7,627,545,99.1
"2024-05-18 10:45:00","RD","UC",0,2.013,96.47,17.6,617,539,90.1
"2024-05-18 11:00:00","RD","UC",0,2.006,96.47,17.6,576,535,67
"2024-05-18 11:15:00","RD","UC",0,1.996,96.49,17.5,548,530,71.4
"2024-05-18 11:30:00","RD","UC",0,2.04,96.5,17.8,531,523,153.8
"2024-05-18 11:45:00","RD","UC",0,2.149,96.53,18.7,511,507,249.2
"2024-05-18 12:00:00","RD","UC",0,2.178,96.54,18.9,499,501,149.8
"2024-05-18 12:15:00","RD","UC",0.03,2.161,96.52,19,518,497,204.7
"2024-05-18 12:30:00","RD","UC",0.06,2.206,96.49,19.5,489,491,213.3
"2024-05-18 12:45:00","RD","UC",0.13,2.171,96.46,19.7,514,487,282.9
"2024-05-18 13:00:00","RD","UC",0.18,2.177,96.48,20.2,470,479,327.2
"2024-05-18 13:15:00","RD","UC",0.28,2.291,96.47,21.6,452,466,499.1
"2024-05-18 13:30:00","RD","UC",0.43,2.242,96.46,22.2,447,449,759.2
"2024-05-18 13:45:00","RD","UC",0.49,2.247,96.43,22.6,447,447,333.6
"2024-05-18 14:00:00","RD","UC",0.5,2.125,96.43,21.9,449,448,234.9
"2024-05-18 14:15:00","RD","UC",0.41,2.079,96.45,21,450,448,141
"2024-05-18 14:30:00","RD","UC",0.34,2.122,96.45,20.8,451,448,100.3
"2024-05-18 14:45:00","RD","UC",0.36,2.084,96.44,20.7,451,448,112.1
"2024-05-18 15:00:00","RD","UC",0.38,2.09,96.43,20.9,451,448,113.9
"2024-05-18 15:15:00","RD","UC",0.37,2.119,96.41,21,451,448,138.4
"2024-05-18 15:30:00","RD","UC",0.4,2.118,96.42,21.2,451,448,145.6
"2024-05-18 15:45:00","RD","UC",0.4,2.115,96.42,21.2,451,448,135.5
"2024-05-18 16:00:00","RD","UC",0.38,2.148,96.39,21.3,451,448,160
"2024-05-18 16:15:00","RD","UC",0.38,2.149,96.38,21.3,451,448,129.6
"2024-05-18 16:30:00","RD","UC",0.38,2.167,96.36,21.4,451,448,143.4
"2024-05-18 16:45:00","RD","UC",0.39,2.208,96.35,21.7,451,448,187.7
"2024-05-18 17:00:00","RD","UC",0.45,2.237,96.33,22.3,450,447,222.1
"2024-05-18 17:15:00","RD","UC",0.5,2.149,96.32,22.1,449,447,186
"2024-05-18 17:30:00","RD","UC",0.57,2.202,96.31,22.8,448,446,164.6
"2024-05-18 17:45:00","RD","UC",0.56,2.166,96.31,22.5,449,447,189.7
"2024-05-18 18:00:00","RD","UC",0.53,2.198,96.31,22.5,450,447,190.4
"2024-05-18 18:15:00","RD","UC",0.51,2.169,96.33,22.2,450,447,106.6
"2024-05-18 18:30:00","RD","UC",0.53,2.123,96.33,22.1,450,447,100.3
"2024-05-18 18:45:00","RD","UC",0.55,2.095,96.33,22,450,447,74.7
"2024-05-18 19:00:00","RD","UC",0.5,2.108,96.33,21.8,451,448,52.9
"2024-05-18 19:15:00","RD","UC",0.43,2.145,96.34,21.6,451,448,39.7
"2024-05-18 19:30:00","RD","UC",0.39,2.163,96.35,21.5,451,448,27.5
"2024-05-18 19:45:00","RD","UC",0.32,2.201,96.35,21.2,452,448,19.2
"2024-05-18 20:00:00","RD","UC",0.27,2.212,96.34,21,452,449,14.3
"2024-05-18 20:15:00","RD","UC",0.26,2.186,96.34,20.8,452,449,10.8
"2024-05-18 20:30:00","RD","UC",0.24,2.181,96.34,20.6,452,449,9.3
"2024-05-18 20:45:00","RD","UC",0.24,2.164,96.34,20.5,452,449,0.4
"2024-05-18 21:00:00","RD","UC",0.23,2.168,96.36,20.4,453,449,0
"2024-05-18 21:15:00","RD","UC",0.14,2.188,96.37,19.9,453,450,0
"2024-05-18 21:30:00","RD","UC",0.08,2.206,96.38,19.6,456,451,0
"2024-05-18 21:45:00","RD","UC",0.04,2.19,96.4,19.2,455,451,0
"2024-05-18 22:00:00","RD","UC",0.03,2.165,96.41,19,456,451,0
"2024-05-18 22:15:00","RD","UC",0.01,2.163,96.43,18.8,458,453,0
"2024-05-18 22:30:00","RD","UC",0,2.136,96.45,18.6,462,455,0
"2024-05-18 22:45:00","RD","UC",0,2.101,96.47,18.3,466,458,0
"2024-05-18 23:00:00","RD","UC",0,2.07,96.48,18.1,472,462,0
"2024-05-18 23:15:00","RD","UC",0,2.035,96.48,17.8,477,464,0
"2024-05-18 23:30:00","RD","UC",0,2.011,96.48,17.6,484,468,0
"2024-05-18 23:45:00","RD","UC",0,2.009,96.48,17.6,490,471,0
"2024-05-19","RD","UC",0,1.981,96.48,17.4,498,474,0
"2024-05-19 00:15:00","RD","UC",0,1.99,96.48,17.4,504,477,0
"2024-05-19 00:30:00","RD","UC",0,1.97,96.5,17.3,512,479,0
"2024-05-19 00:45:00","RD","UC",0,1.943,96.5,17,518,482,0
"2024-05-19 01:00:00","RD","UC",0,1.923,96.51,16.9,527,484,0
"2024-05-19 01:15:00","RD","UC",0,1.893,96.52,16.6,534,487,0
"2024-05-19 01:30:00","RD","UC",0,1.869,96.52,16.4,546,490,0
"2024-05-19 01:45:00","RD","UC",0,1.826,96.51,16.1,580,493,0
"2024-05-19 02:00:00","RD","UC",0,1.83,96.51,16.1,615,495,0
"2024-05-19 02:15:00","RD","UC",0,1.8,96.5,15.8,651,498,0
"2024-05-19 02:30:00","RD","UC",0,1.791,96.5,15.8,672,501,0
"2024-05-19 02:45:00","RD","UC",0,1.789,96.5,15.8,694,503,0
"2024-05-19 03:00:00","RD","UC",0,1.794,96.5,15.8,726,505,0
"2024-05-19 03:15:00","RD","UC",0,1.761,96.49,15.5,737,508,0
"2024-05-19 03:30:00","RD","UC",0,1.751,96.49,15.4,744,511,0
"2024-05-19 03:45:00","RD","UC",0,1.729,96.5,15.2,754,514,0
"2024-05-19 04:00:00","RD","UC",0,1.731,96.51,15.2,758,517,0
"2024-05-19 04:15:00","RD","UC",0,1.734,96.51,15.3,751,519,0
"2024-05-19 04:30:00","RD","UC",0,1.78,96.51,15.7,735,521,0
"2024-05-19 04:45:00","RD","UC",0,1.781,96.52,15.7,728,522,0
"2024-05-19 05:00:00","RD","UC",0,1.791,96.53,15.8,726,523,0
"2024-05-19 05:15:00","RD","UC",0,1.824,96.53,16.1,722,523,0
"2024-05-19 05:30:00","RD","UC",0,1.845,96.54,16.2,716,522,0
"2024-05-19 05:45:00","RD","UC",0,1.771,96.56,15.6,717,524,0
"2024-05-19 06:00:00","RD","UC",0,1.737,96.57,15.3,720,527,0
"2024-05-19 06:15:00","RD","UC",0,1.727,96.58,15.2,723,531,0
"2024-05-19 06:30:00","RD","UC",0,1.741,96.6,15.3,724,534,1.8
"2024-05-19 06:45:00","RD","UC",0,1.75,96.62,15.4,725,537,11.4
"2024-05-19 07:00:00","RD","UC",0,1.718,96.66,15.1,725,538,22
"2024-05-19 07:15:00","RD","UC",0,1.711,96.68,15.1,722,537,40.5
"2024-05-19 07:30:00","RD","UC",0,1.723,96.7,15.2,710,534,65.9
"2024-05-19 07:45:00","RD","UC",0,1.809,96.7,16,675,522,82
"2024-05-19 08:00:00","RD","UC",0,1.907,96.71,16.8,653,502,109.1
"2024-05-19 08:15:00","RD","UC",0,1.978,96.72,17.4,638,475,108.6
"2024-05-19 08:30:00","RD","UC",0.01,2.054,96.73,18,622,453,212.6
"2024-05-19 08:45:00","RD","UC",0.07,2.032,96.73,18.3,586,449,376.8
"2024-05-19 09:00:00","RD","UC",0.09,2.102,96.74,19,560,449,268.4
"2024-05-19 09:15:00","RD","UC",0.15,2.176,96.74,20,544,449,497.1
"2024-05-19 09:30:00","RD","UC",0.22,2.23,96.74,20.8,527,448,376.8
"2024-05-19 09:45:00","RD","UC",0.28,2.317,96.75,21.7,507,448,312.6
"2024-05-19 10:00:00","RD","UC",0.37,2.326,96.76,22.3,481,448,244.4
"2024-05-19 10:15:00","RD","UC",0.43,2.395,96.76,23.1,452,447,442.9
"2024-05-19 10:30:00","RD","UC",0.48,2.32,96.76,23,451,448,232.2
"2024-05-19 10:45:00","RD","UC",0.5,2.3,96.76,23,451,447,164.6
"2024-05-19 11:00:00","RD","UC",0.6,2.235,96.77,23.2,451,447,194.6
"2024-05-19 11:15:00","RD","UC",0.61,2.243,96.77,23.3,451,447,189.7
"2024-05-19 11:30:00","RD","UC",0.69,2.25,96.78,23.8,450,447,495.3
"2024-05-19 11:45:00","RD","UC",0.8,2.166,96.79,23.9,450,447,283.3
"2024-05-19 12:00:00","RD","UC",0.97,2.135,96.78,24.7,449,446,788.3
"2024-05-19 12:15:00","RD","UC",0.99,2.049,96.79,24.3,449,446,327.6
"2024-05-19 12:30:00","RD","UC",1.13,2.067,96.78,25.1,448,446,228
"2024-05-19 12:45:00","RD","UC",1.25,2.035,96.78,25.6,447,445,631.5
"2024-05-19 13:00:00","RD","UC",1.24,1.961,96.78,25.2,447,445,475.3
"2024-05-19 13:15:00","RD","UC",1.23,1.903,96.77,24.8,446,445,430.5
"2024-05-19 13:30:00","RD","UC",1.42,1.875,96.76,25.6,444,445,523.7
"2024-05-19 13:45:00","RD","UC",1.41,1.884,96.75,25.7,443,444,219.5
"2024-05-19 14:00:00","RD","UC",1.63,1.859,96.74,26.6,440,443,448.4
"2024-05-19 14:15:00","RD","UC",1.57,1.841,96.75,26.2,445,444,408
"2024-05-19 14:30:00","RD","UC",1.63,1.881,96.74,26.7,444,442,930.4
"2024-05-19 14:45:00","RD","UC",1.78,1.851,96.73,27.3,444,443,280.5
"2024-05-19 15:00:00","RD","UC",1.66,1.799,96.73,26.5,446,444,184.4
"2024-05-19 15:15:00","RD","UC",1.68,1.828,96.72,26.7,441,442,509.2
"2024-05-19 15:30:00","RD","UC",1.65,1.805,96.72,26.5,442,443,637.4
"2024-05-19 15:45:00","RD","UC",1.63,1.868,96.71,26.7,445,443,313.7
"2024-05-19 16:00:00","RD","UC",1.46,1.907,96.7,26,446,444,365.1
"2024-05-19 16:15:00","RD","UC",1.48,1.951,96.68,26.3,442,443,234.6
"2024-05-19 16:30:00","RD","UC",1.73,1.906,96.66,27.4,444,443,524.2
"2024-05-19 16:45:00","RD","UC",1.72,1.96,96.65,27.6,445,444,232.7
"2024-05-19 17:00:00","RD","UC",1.71,1.878,96.65,27.1,442,443,160.8
"2024-05-19 17:15:00","RD","UC",1.69,1.87,96.64,27,443,442,157.7
"2024-05-19 17:30:00","RD","UC",1.74,1.896,96.64,27.3,443,441,169.7
"2024-05-19 17:45:00","RD","UC",1.75,1.924,96.64,27.5,442,442,550.8
"2024-05-19 18:00:00","RD","UC",1.69,1.952,96.63,27.4,443,443,507.6
"2024-05-19 18:15:00","RD","UC",1.7,1.946,96.63,27.4,444,443,153.1
"2024-05-19 18:30:00","RD","UC",1.66,1.959,96.63,27.2,445,443,264.4
"2024-05-19 18:45:00","RD","UC",1.6,1.944,96.62,26.9,445,443,102.7
"2024-05-19 19:00:00","RD","UC",1.54,1.939,96.62,26.6,445,443,89.9
"2024-05-19 19:15:00","RD","UC",1.5,1.891,96.62,26.2,445,443,136.2
"2024-05-19 19:30:00","RD","UC",1.47,1.891,96.64,26,445,443,105.8
"2024-05-19 19:45:00","RD","UC",1.33,1.967,96.65,25.7,446,443,58.2
"2024-05-19 20:00:00","RD","UC",1.24,1.974,96.66,25.2,446,444,45.8
"2024-05-19 20:15:00","RD","UC",1.25,1.896,96.66,24.9,446,443,35.5
"2024-05-19 20:30:00","RD","UC",1.14,1.915,96.67,24.4,447,444,16.8
"2024-05-19 20:45:00","RD","UC",0.99,1.943,96.68,23.8,447,445,0.9
"2024-05-19 21:00:00","RD","UC",0.91,1.932,96.68,23.2,447,445,0
"2024-05-19 21:15:00","RD","UC",0.9,1.92,96.68,23.1,448,445,0
"2024-05-19 21:30:00","RD","UC",0.74,1.961,96.69,22.4,448,445,0
"2024-05-19 21:45:00","RD","UC",0.59,1.94,96.7,21.3,449,446,0
"2024-05-19 22:00:00","RD","UC",0.56,1.912,96.73,20.9,449,446,0
"2024-05-19 22:15:00","RD","UC",0.52,1.888,96.75,20.5,449,446,0
"2024-05-19 22:30:00","RD","UC",0.49,1.885,96.77,20.3,449,446,0
"2024-05-19 22:45:00","RD","UC",0.51,1.869,96.78,20.3,449,446,0
"2024-05-19 23:00:00","RD","UC",0.48,1.875,96.79,20.2,450,447,0
"2024-05-19 23:15:00","RD","UC",0.44,1.88,96.8,19.9,450,447,0
"2024-05-19 23:30:00","RD","UC",0.36,1.903,96.81,19.5,450,447,0
"2024-05-19 23:45:00","RD","UC",0.33,1.92,96.81,19.4,450,447,0
"2024-05-20","RD","UC",0.34,1.895,96.79,19.3,451,447,0
"2024-05-20 00:15:00","RD","UC",0.3,1.861,96.78,18.7,451,448,0
"2024-05-20 00:30:00","RD","UC",0.25,1.858,96.79,18.4,451,448,0
"2024-05-20 00:45:00","RD","UC",0.22,1.854,96.79,18.1,451,448,0
"2024-05-20 01:00:00","RD","UC",0.21,1.85,96.8,18,452,448,0
"2024-05-20 01:15:00","RD","UC",0.16,1.851,96.79,17.6,452,449,0
"2024-05-20 01:30:00","RD","UC",0.15,1.821,96.78,17.3,452,449,0
"2024-05-20 01:45:00","RD","UC",0.16,1.832,96.77,17.4,452,448,0
"2024-05-20 02:00:00","RD","UC",0.18,1.828,96.76,17.6,452,448,0
"2024-05-20 02:15:00","RD","UC",0.15,1.817,96.75,17.2,452,449,0
"2024-05-20 02:30:00","RD","UC",0.1,1.808,96.75,16.8,454,450,0
"2024-05-20 02:45:00","RD","UC",0.07,1.793,96.74,16.4,454,450,0
"2024-05-20 03:00:00","RD","UC",0.04,1.791,96.72,16.1,456,451,0
"2024-05-20 03:15:00","RD","UC",0.02,1.794,96.7,16,455,451,0
"2024-05-20 03:30:00","RD","UC",0.02,1.782,96.68,15.9,456,451,0
"2024-05-20 03:45:00","RD","UC",0.01,1.786,96.68,15.8,456,451,0
"2024-05-20 04:00:00","RD","UC",0,1.772,96.68,15.6,458,452,0
"2024-05-20 04:15:00","RD","UC",0,1.763,96.68,15.6,462,454,0
"2024-05-20 04:30:00","RD","UC",0,1.802,96.7,15.9,462,453,0
"2024-05-20 04:45:00","RD","UC",0,1.779,96.7,15.7,467,454,0
"2024-05-20 05:00:00","RD","UC",0,1.746,96.71,15.4,473,458,0
"2024-05-20 05:15:00","RD","UC",0,1.727,96.73,15.2,478,460,0
"2024-05-20 05:30:00","RD","UC",0,1.728,96.72,15.2,484,463,0
"2024-05-20 05:45:00","RD","UC",0,1.718,96.73,15.1,488,465,0
"2024-05-20 06:00:00","RD","UC",0,1.709,96.73,15,492,468,0
"2024-05-20 06:15:00","RD","UC",0,1.696,96.73,14.9,497,470,0
"2024-05-20 06:30:00","RD","UC",0,1.692,96.75,14.9,502,472,2.4
"2024-05-20 06:45:00","RD","UC",0,1.683,96.75,14.8,507,474,11.9
"2024-05-20 07:00:00","RD","UC",0,1.697,96.76,14.9,510,474,23.4
"2024-05-20 07:15:00","RD","UC",0,1.727,96.77,15.2,511,473,48.9
"2024-05-20 07:30:00","RD","UC",0,1.786,96.78,15.7,508,468,162.6
"2024-05-20 07:45:00","RD","UC",0,1.983,96.79,17.4,488,450,104
"2024-05-20 08:00:00","RD","UC",0.14,2.049,96.81,18.9,454,447,89
"2024-05-20 08:15:00","RD","UC",0.29,1.979,96.83,19.5,452,446,117.7
"2024-05-20 08:30:00","RD","UC",0.39,2.035,96.83,20.6,451,446,207.6
"2024-05-20 08:45:00","RD","UC",0.43,1.984,96.83,20.5,450,446,286.6
"2024-05-20 09:00:00","RD","UC",0.4,2.013,96.84,20.5,450,446,444.9
"2024-05-20 09:15:00","RD","UC",0.4,2.082,96.85,21,450,447,214.4
"2024-05-20 09:30:00","RD","UC",0.43,2.108,96.87,21.4,450,446,347.4
"2024-05-20 09:45:00","RD","UC",0.47,2.178,96.87,22.1,451,446,275.9
"2024-05-20 10:00:00","RD","UC",0.57,2.201,96.88,22.8,450,446,228.5
"2024-05-20 10:15:00","RD","UC",0.67,2.207,96.88,23.4,449,445,480.3
"2024-05-20 10:30:00","RD","UC",0.78,2.239,96.88,24.2,448,445,370.2
"2024-05-20 10:45:00","RD","UC",0.98,2.242,96.86,25.3,448,445,178
"2024-05-20 11:00:00","RD","UC",1.12,2.189,96.87,25.7,448,445,354.1
"2024-05-20 11:15:00","RD","UC",1.23,2.184,96.87,26.3,447,444,187.1
"2024-05-20 11:30:00","RD","UC",1.39,2.152,96.88,26.9,447,444,188
"2024-05-20 11:45:00","RD","UC",1.5,2.123,96.88,27.3,447,444,204.9
"2024-05-20 12:00:00","RD","UC",1.7,2.051,96.88,27.9,446,444,801.8
"2024-05-20 12:15:00","RD","UC",1.81,1.855,96.88,27.5,445,443,610.8
"2024-05-20 12:30:00","RD","UC",1.91,1.762,96.89,27.5,445,443,229.8
"2024-05-20 12:45:00","RD","UC",2.15,1.613,96.88,27.9,444,442,830.2
"2024-05-20 13:00:00","RD","UC",2.19,1.646,96.86,28.3,443,442,685.4
"2024-05-20 13:15:00","RD","UC",2.26,1.692,96.84,28.8,443,442,492.2
"2024-05-20 13:30:00","RD","UC",2.14,1.618,96.83,27.9,441,442,659.4
"2024-05-20 13:45:00","RD","UC",2.25,1.648,96.82,28.5,439,441,305.1
"2024-05-20 14:00:00","RD","UC",2.44,1.513,96.8,28.8,438,441,486
"2024-05-20 14:15:00","RD","UC",2.38,1.478,96.79,28.4,441,441,860.6
"2024-05-20 14:30:00","RD","UC",2.37,1.666,96.78,29.1,441,441,709.2
"2024-05-20 14:45:00","RD","UC",2.47,1.518,96.76,29,442,441,307.6
"2024-05-20 15:00:00","RD","UC",2.34,1.604,96.75,28.8,442,440,309.6
"2024-05-20 15:15:00","RD","UC",2.32,1.611,96.74,28.7,439,441,585.4
"2024-05-20 15:30:00","RD","UC",2.49,1.612,96.72,29.4,438,440,991.9
"2024-05-20 15:45:00","RD","UC",2.59,1.637,96.7,29.9,437,440,974.3
"2024-05-20 16:00:00","RD","UC",2.61,1.645,96.69,30,440,440,667.1
"2024-05-20 16:15:00","RD","UC",2.63,1.595,96.69,29.9,438,440,253.4
"2024-05-20 16:30:00","RD","UC",2.67,1.569,96.68,30,441,440,493.8
"2024-05-20 16:45:00","RD","UC",2.65,1.69,96.67,30.4,442,441,276.3
"2024-05-20 17:00:00","RD","UC",2.58,1.6,96.66,29.8,440,440,219.2
"2024-05-20 17:15:00","RD","UC",2.39,1.611,96.65,29,439,440,167.5
"2024-05-20 17:30:00","RD","UC",2.45,1.702,96.64,29.6,440,438,197.6
"2024-05-20 17:45:00","RD","UC",2.51,1.632,96.64,29.6,439,440,543.3
"2024-05-20 18:00:00","RD","UC",2.46,1.545,96.63,29,440,440,523.9
"2024-05-20 18:15:00","RD","UC",2.37,1.607,96.63,28.9,441,440,178.7
"2024-05-20 18:30:00","RD","UC",2.29,1.581,96.62,28.4,442,441,221
"2024-05-20 18:45:00","RD","UC",2.18,1.605,96.62,28,442,441,97.4
"2024-05-20 19:00:00","RD","UC",2.07,1.669,96.62,27.8,443,441,89.5
"2024-05-20 19:15:00","RD","UC",1.84,1.856,96.62,27.6,443,442,143.4
"2024-05-20 19:30:00","RD","UC",1.63,2.021,96.63,27.4,444,441,82.8
"2024-05-20 19:45:00","RD","UC",1.59,1.891,96.63,26.6,444,442,38.8
"2024-05-20 20:00:00","RD","UC",1.55,1.783,96.64,25.9,444,442,20.7
"2024-05-20 20:15:00","RD","UC",1.34,1.867,96.65,25.2,445,443,14.3
"2024-05-20 20:30:00","RD","UC",1.21,1.886,96.65,24.6,445,443,9.3
"2024-05-20 20:45:00","RD","UC",1.23,1.816,96.66,24.4,445,443,0
"2024-05-20 21:00:00","RD","UC",1.07,1.925,96.65,24,446,444,0
"2024-05-20 21:15:00","RD","UC",0.99,1.905,96.65,23.5,446,444,0
"2024-05-20 21:30:00","RD","UC",0.87,1.896,96.66,22.8,447,444,0
"2024-05-20 21:45:00","RD","UC",0.73,1.881,96.67,21.8,447,445,0
"2024-05-20 22:00:00","RD","UC",0.78,1.832,96.68,21.8,447,444,0
"2024-05-20 22:15:00","RD","UC",0.81,1.805,96.7,21.8,447,444,0
"2024-05-20 22:30:00","RD","UC",0.73,1.838,96.72,21.6,447,445,0
"2024-05-20 22:45:00","RD","UC",0.68,1.835,96.73,21.2,447,445,0
"2024-05-20 23:00:00","RD","UC",0.69,1.801,96.73,21,447,445,0
"2024-05-20 23:15:00","RD","UC",0.71,1.808,96.72,21.2,447,445,0
"2024-05-20 23:30:00","RD","UC",0.66,1.807,96.72,20.9,448,445,0
"2024-05-20 23:45:00","RD","UC",0.58,1.802,96.72,20.3,448,445,0
"2024-05-21","RD","UC",0.54,1.768,96.72,19.8,448,446,0
"2024-05-21 00:15:00","RD","UC",0.52,1.78,96.72,19.7,448,446,0
"2024-05-21 00:30:00","RD","UC",0.48,1.775,96.72,19.4,448,446,0
"2024-05-21 00:45:00","RD","UC",0.49,1.777,96.71,19.5,449,446,0
"2024-05-21 01:00:00","RD","UC",0.47,1.769,96.7,19.3,449,446,0
"2024-05-21 01:15:00","RD","UC",0.43,1.775,96.7,19,449,446,0
"2024-05-21 01:30:00","RD","UC",0.39,1.782,96.7,18.8,449,446,0
"2024-05-21 01:45:00","RD","UC",0.36,1.777,96.69,18.6,449,446,0
"2024-05-21 02:00:00","RD","UC",0.35,1.771,96.68,18.5,450,446,0
"2024-05-21 02:15:00","RD","UC",0.33,1.762,96.68,18.2,450,447,0
"2024-05-21 02:30:00","RD","UC",0.3,1.756,96.67,18,450,447,0
"2024-05-21 02:45:00","RD","UC",0.25,1.751,96.67,17.5,450,447,0
"2024-05-21 03:00:00","RD","UC",0.24,1.748,96.67,17.4,450,447,0
"2024-05-21 03:15:00","RD","UC",0.21,1.753,96.67,17.2,451,447,0
"2024-05-21 03:30:00","RD","UC",0.19,1.759,96.67,17.1,451,447,0
"2024-05-21 03:45:00","RD","UC",0.17,1.759,96.68,17,451,448,0
"2024-05-21 04:00:00","RD","UC",0.19,1.754,96.67,17.1,451,447,0
"2024-05-21 04:15:00","RD","UC",0.21,1.748,96.68,17.2,451,448,0
"2024-05-21 04:30:00","RD","UC",0.19,1.727,96.67,16.8,451,448,0
"2024-05-21 04:45:00","RD","UC",0.19,1.723,96.67,16.8,451,448,0
"2024-05-21 05:00:00","RD","UC",0.18,1.717,96.69,16.7,451,448,0
"2024-05-21 05:15:00","RD","UC",0.09,1.718,96.72,16,452,448,0
"2024-05-21 05:30:00","RD","UC",0.06,1.755,96.72,16,452,448,0
"2024-05-21 05:45:00","RD","UC",0.07,1.754,96.72,16.1,452,449,0
"2024-05-21 06:00:00","RD","UC",0.08,1.733,96.72,16,452,448,0
"2024-05-21 06:15:00","RD","UC",0.09,1.734,96.72,16,452,449,0
"2024-05-21 06:30:00","RD","UC",0.09,1.721,96.73,16,452,448,0
"2024-05-21 06:45:00","RD","UC",0.1,1.721,96.73,16.1,452,448,10.6
"2024-05-21 07:00:00","RD","UC",0.1,1.722,96.74,16,452,448,30.2
"2024-05-21 07:15:00","RD","UC",0.12,1.753,96.76,16.4,451,448,63.4
"2024-05-21 07:30:00","RD","UC",0.19,1.792,96.76,17.4,451,447,169.9
"2024-05-21 07:45:00","RD","UC",0.33,1.852,96.76,18.9,450,447,102
"2024-05-21 08:00:00","RD","UC",0.34,1.846,96.77,18.9,450,446,95
"2024-05-21 08:15:00","RD","UC",0.32,1.83,96.79,18.7,450,447,69.2
"2024-05-21 08:30:00","RD","UC",0.32,1.851,96.8,18.8,450,447,76.9
"2024-05-21 08:45:00","RD","UC",0.37,1.918,96.8,19.7,449,445,167.5
"2024-05-21 09:00:00","RD","UC",0.48,1.966,96.8,20.7,449,445,257.4
"2024-05-21 09:15:00","RD","UC",0.5,2.004,96.81,21.1,449,446,123.2
"2024-05-21 09:30:00","RD","UC",0.56,2.083,96.81,22,448,444,295
"2024-05-21 09:45:00","RD","UC",0.65,2.119,96.82,22.8,448,444,308.5
"2024-05-21 10:00:00","RD","UC",0.65,2.104,96.83,22.7,449,446,164.8
"2024-05-21 10:15:00","RD","UC",0.63,2.124,96.83,22.7,449,446,246.5
"2024-05-21 10:30:00","RD","UC",0.7,2.224,96.82,23.6,448,445,276.7
"2024-05-21 10:45:00","RD","UC",0.78,2.198,96.83,24,448,445,194.1
"2024-05-21 11:00:00","RD","UC",0.81,2.168,96.83,24,448,445,426.5
"2024-05-21 11:15:00","RD","UC",0.93,2.287,96.81,25.3,447,444,353.4
"2024-05-21 11:30:00","RD","UC",1.08,2.26,96.81,25.9,447,444,381
"2024-05-21 11:45:00","RD","UC",1.14,2.26,96.8,26.2,447,444,278.3
"2024-05-21 12:00:00","RD","UC",1.18,2.262,96.8,26.4,447,444,735.2
"2024-05-21 12:15:00","RD","UC",1.3,2.245,96.79,26.9,446,444,564.1
"2024-05-21 12:30:00","RD","UC",1.37,2.177,96.79,26.9,446,444,279.6
"2024-05-21 12:45:00","RD","UC",1.43,2.174,96.77,27.2,446,444,938.6
"2024-05-21 13:00:00","RD","UC",1.48,2.132,96.75,27.2,445,443,575.7
"2024-05-21 13:15:00","RD","UC",1.4,2.223,96.74,27.3,445,443,470.6
"2024-05-21 13:30:00","RD","UC",1.66,2.096,96.72,27.9,441,443,603.9
"2024-05-21 13:45:00","RD","UC",1.86,2.017,96.71,28.5,441,443,405.4
"2024-05-21 14:00:00","RD","UC",1.91,2.019,96.71,28.7,441,442,601.1
"2024-05-21 14:15:00","RD","UC",1.96,2.004,96.7,28.8,441,442,928.3
"2024-05-21 14:30:00","RD","UC",1.91,2.051,96.69,28.8,443,442,384.7
"2024-05-21 14:45:00","RD","UC",1.95,2.036,96.68,28.9,444,443,262.4
"2024-05-21 15:00:00","RD","UC",2.07,2.024,96.68,29.4,442,442,419.1
"2024-05-21 15:15:00","RD","UC",1.88,1.912,96.7,28,444,443,264.4
"2024-05-21 15:30:00","RD","UC",1.94,2.034,96.69,28.9,441,442,930
"2024-05-21 15:45:00","RD","UC",2.02,2.016,96.68,29.1,441,442,806.8
"2024-05-21 16:00:00","RD","UC",2.06,1.981,96.67,29.2,441,442,601
